timestamp,position_lat,position_long,distance,enhanced_speed,enhanced_altitude,heart_rate,cadence,fractional_cadence
1040069704,-3948072,-935734539,1.14,0,2553.2,66,0,0
1040069705,-3948140,-935734261,1.42,0,2548.8,66,0,0
1040069710,-3947960,-935734936,1.42,0,2548.4,69,0,0
1040069711,-3947941,-935734954,1.45,0,2548.4,69,0,0
1040069714,-3947788,-935734815,3.37,0,2548.4,72,0,0
1040069719,-3947550,-935734636,6.09,0,2548,75,0,0
1040069720,-3947392,-935734512,7.95,1.25,2547.6,76,0,0
1040069723,-3946116,-935733209,24.9,5.916,2546.6,76,0,0
1040069726,-3944973,-935731961,40.63,7.707,2545.8,73,0,0
1040069728,-3944332,-935731236,49.64,8.491,2545.4,72,0,0
1040069732,-3940838,-935727110,99.94,11.225,2544.4,70,0,0
1040069737,-3936580,-935722015,161.71,11.318,2544,69,0,0
1040069740,-3934242,-935719189,195.84,11.514,2544.8,69,0,0
1040069745,-3930274,-935714701,251.57,11.206,2547.6,68,0,0
1040069747,-3928628,-935712803,274.95,11.206,2548.4,68,0,0
1040069752,-3924999,-935707661,333.61,12.615,2551,67,0,0
1040069756,-3922721,-935702538,385.94,12.503,2553.6,66,0,0
1040069757,-3922274,-935701197,399.11,12.615,2554.4,66,0,0
1040069761,-3920505,-935695263,456.86,14.257,2557.2,66,0,0
1040069762,-3920127,-935693768,471.24,15.2,2558.2,67,0,0
1040069766,-3918533,-935687172,534.51,16.459,2562.6,67,0,0
1040069768,-3917453,-935683425,570.87,16.263,2564.2,67,0,0
1040069772,-3915558,-935676743,635.65,16.189,2567,66,0,0
1040069775,-3914368,-935672519,676.58,13.147,2568.2,66,0,0
1040069778,-3913682,-935669990,701.02,7.81,2569,66,0,0
1040069781,-3913320,-935668759,712.98,4.152,2569.2,66,0,0
1040069785,-3913100,-935668101,719.43,0,2570,65,0,0
1040069796,-3913022,-935668639,719.43,0,2573.2,62,0,0
1040069803,-3912992,-935668665,719.43,0,2577.6,60,0,0
1040069843,-3912661,-935667417,731.88,5.673,2578,59,0,0
1040069846,-3911902,-935664578,759.28,9.097,2578.2,63,0,0
1040069850,-3910692,-935659184,810.85,12.055,2578.8,65,0,0
1040069854,-3910210,-935653272,866.31,14.08,2579.2,64,0,0
1040069855,-3910402,-935651760,880.52,14.164,2579.2,64,0,0
1040069857,-3911409,-935648694,910.69,14.882,2579.2,65,0,0
1040069861,-3915008,-935642419,978.1,16.73,2579,65,0,0
1040069863,-3917031,-935639200,1013.49,17.15,2578.6,65,0,0
1040069866,-3919374,-935634151,1065.37,17.019,2576.8,65,0,0
1040069867,-3919908,-935632415,1082.31,17.103,2576,65,0,0
1040069869,-3920298,-935628839,1115.92,17.15,2574.2,64,0,0
1040069871,-3919920,-935625160,1150.46,17.15,2572.6,65,0,0
1040069872,-3919454,-935623264,1168.67,17.168,2571.6,65,0,0
1040069875,-3917634,-935617740,1222.93,18.092,2569.2,64,0,0
1040069876,-3916948,-935615909,1241.16,18.092,2568.6,64,0,0
1040069879,-3915192,-935610473,1294.46,17.411,2565.4,63,0,0
1040069880,-3914860,-935608663,1311.63,17.392,2564.2,63,0,0
1040069882,-3914934,-935605087,1345.07,17.392,2561.6,63,0,0
1040069883,-3915386,-935603338,1361.92,17.374,2560.4,63,0,0
1040069884,-3916102,-935601602,1379.41,17.392,2559.2,63,0,0
1040069886,-3918299,-935598196,1417.2,18.979,2557.2,63,0,0
1040069889,-3922348,-935592949,1478.88,20.528,2554.4,63,0,0
1040069891,-3925277,-935589495,1520.96,20.621,2552.6,64,0,0
1040069894,-3929231,-935584455,1580.56,18.923,2550.8,65,0,0
1040069896,-3931578,-935581052,1619.05,18.829,2550,65,0,0
1040069897,-3932524,-935579298,1637.61,18.829,2549.8,65,0,0
1040069899,-3933591,-935575504,1674.44,18.512,2549.4,66,0,0
1040069901,-3933555,-935571783,1709.28,17.299,2549.2,66,0,0
1040069903,-3932335,-935568297,1743.82,17.252,2549,66,0,0
1040069905,-3930028,-935565233,1779.59,17.299,2548.8,66,0,0
1040069907,-3927093,-935562990,1814.02,17.252,2549,66,0,0
1040069909,-3923493,-935561945,1848.87,17.168,2549.8,66,0,0
1040069911,-3919668,-935562054,1884.46,17.103,2550.6,67,0,0
1040069913,-3915965,-935563082,1920.14,17.168,2551.4,67,0,0
1040069914,-3914187,-935563853,1938.12,17.168,2552,68,0,0
1040069917,-3908998,-935566871,1993.87,17.28,2553.8,68,0,0
1040069918,-3907333,-935567934,2012.21,17.374,2554.6,68,0,0
1040069921,-3902433,-935571211,2066.95,17.56,2556.4,66,0,0
1040069924,-3898049,-935574790,2119.64,17.682,2558.6,66,0,0
1040069927,-3894722,-935579498,2173.5,17.682,2561.4,65,0,0
1040069930,-3892443,-935585595,2234.27,19.249,2564.2,65,0,0
1040069933,-3890945,-935591435,2290.5,19.622,2567.2,65,0,0
1040069936,-3889336,-935597329,2347.5,18.465,2569.4,65,0,0
1040069937,-3888574,-935599063,2365.15,17.784,2570.2,65,0,0
1040069939,-3886524,-935602295,2400.94,16.935,2571.8,65,0,0
1040069941,-3883638,-935604124,2432.81,15.899,2573.6,65,0,0
1040069943,-3880239,-935604759,2464.93,16.03,2576,65,0,0
1040069945,-3876688,-935604185,2498.4,16.347,2578.2,65,0,0
1040069947,-3873552,-935602521,2531.45,16.347,2580.2,65,0,0
1040069949,-3871188,-935599822,2564.99,16.282,2581.8,65,0,0
1040069951,-3869896,-935596581,2597.59,16.282,2583.4,64,0,0
1040069952,-3869749,-935594809,2614.18,16.282,2584,64,0,0
1040069953,-3869872,-935593010,2630.99,16.282,2584.8,64,0,0
1040069955,-3870882,-935589736,2663.01,15.825,2587,63,0,0
1040069959,-3874299,-935583571,2728.68,15.694,2592,65,0,0
1040069962,-3877050,-935578895,2779.21,15.76,2594.6,65,0,0
1040069965,-3879822,-935574057,2831.14,16.945,2596,65,0,0
1040069967,-3881811,-935570734,2867.2,17.299,2596.4,65,0,0
1040069970,-3884755,-935565589,2922.41,18.484,2596.4,64,0,0
1040069973,-3887568,-935560258,2978.58,18.531,2595.8,63,0,0
1040069975,-3889108,-935556546,3016.05,18.428,2595.2,63,0,0
1040069978,-3890299,-935550986,3069.18,17.458,2594.6,62,0,0
1040069979,-3890306,-935549063,3087.13,17.7,2594.4,62,0,0
1040069981,-3889822,-935545241,3123.12,18.074,2594,63,0,0
1040069982,-3889298,-935543333,3141.57,18.204,2593.8,64,0,0
1040069985,-3886828,-935537936,3196.94,17.803,2593,64,0,0
1040069988,-3884073,-935532864,3250.71,17.775,2592.4,63,0,0
1040069990,-3882118,-935529519,3286.8,17.775,2591.8,59,0,0
1040069991,-3881083,-935527788,3305.58,17.803,2591.6,59,0,0
1040069994,-3878096,-935522242,3364.28,19.137,2591.4,60,0,0
1040069995,-3877246,-935520351,3383.61,19.175,2591.4,61,0,0
1040069996,-3876566,-935518400,3402.87,19.333,2591.4,62,0,0
1040069998,-3875832,-935514241,3442.31,19.641,2591.6,63,0,0
1040070000,-3876061,-935509957,3482.39,20.052,2592,63,0,0
1040070001,-3876497,-935507845,3502.51,19.884,2592.2,63,0,0
1040070002,-3877249,-935505771,3523.07,19.641,2592.6,63,0,0
1040070004,-3879227,-935501973,3562.98,19.678,2593.2,63,0,0
1040070007,-3882457,-935496933,3618.74,17.85,2594.6,63,0,0
1040070008,-3883441,-935495542,3634.6,16.571,2595.2,63,0,0
1040070011,-3885775,-935492096,3673.34,12.568,2597.2,64,0,0
1040070014,-3887260,-935489886,3698.14,7.595,2599.6,66,0,0
1040070018,-3888482,-935488164,3717.81,4.292,2602.6,66,0,0
1040070022,-3888831,-935487695,3723.24,0.942,2604.8,66,0,0
1040070030,-3888916,-935487897,3723.61,0,2606.8,64,0,0
1040070034,-3889748,-935486584,3738.09,4.936,2607.2,64,0,0
1040070037,-3891253,-935484439,3762.48,8.538,2607.4,64,0,0
1040070039,-3892511,-935482555,3783.58,10.152,2607.6,67,0,0
1040070041,-3894050,-935480295,3809.03,12.671,2608.2,69,0,0
1040070043,-3895934,-935477809,3838.07,14.145,2609.2,72,0,0
1040070045,-3897956,-935474924,3870.86,15.806,2610,71,0,0
1040070048,-3900871,-935470356,3921.33,16.749,2611.6,71,0,0
1040070050,-3902551,-935466990,3956.41,17.392,2613.6,71,0,0
1040070053,-3904157,-935461530,4009.59,17.719,2616.4,70,0,0
1040070055,-3904347,-935457694,4045.46,17.616,2618.2,70,0,0
1040070056,-3904161,-935455799,4063.23,17.616,2619,70,0,0
1040070057,-3903803,-935453931,4080.97,17.616,2619.6,69,0,0
1040070059,-3902614,-935450337,4116.3,17.719,2621,69,0,0
1040070062,-3899942,-935444828,4173.38,18.839,2622.6,69,0,0
1040070063,-3898972,-935442974,4192.87,19.081,2622.8,69,0,0
1040070066,-3895597,-935436989,4256.86,20.528,2623.2,71,0,0
1040070068,-3893450,-935433053,4298.62,20.388,2622.4,71,0,0
1040070071,-3890211,-935427722,4356.76,19.081,2619.6,71,0,0
1040070072,-3888899,-935426233,4375.22,19.081,2618.2,71,0,0
1040070074,-3885792,-935423783,4412.1,19.044,2615,72,0,0
1040070075,-3883936,-935422869,4431.31,19.035,2613.4,71,0,0
1040070076,-3881987,-935422286,4450.17,19.016,2612,71,0,0
1040070077,-3879961,-935421956,4469.2,18.839,2610.4,71,0,0
1040070078,-3877820,-935421932,4489.04,18.839,2609.2,71,0,0
1040070080,-3873237,-935422332,4531.68,20.882,2607,69,0,0
1040070083,-3866451,-935423229,4595.1,20.472,2603.2,68,0,0
1040070086,-3859676,-935423214,4658.06,20.658,2599.2,68,0,0
1040070088,-3855391,-935422143,4699.04,20.658,2596.4,68,0,0
1040070089,-3853374,-935421304,4719.3,20.658,2595,67,0,0
1040070090,-3851454,-935420244,4739.66,20.574,2593.6,67,0,0
1040070092,-3848026,-935417486,4780.59,20.546,2590.8,66,0,0
1040070094,-3845357,-935414096,4820.8,20.546,2588.2,66,0,0
1040070095,-3844229,-935412202,4841.34,20.444,2587,65,0,0
1040070096,-3843305,-935410146,4862.35,20.444,2585.8,65,0,0
1040070098,-3842157,-935405698,4905.25,21.274,2583,65,0,0
1040070100,-3842002,-935401018,4948.98,21.638,2580.4,65,0,0
1040070102,-3842860,-935396533,4991.63,21.031,2578.2,65,0,0
1040070103,-3843676,-935394358,5013.29,21.265,2577.2,65,0,0
1040070105,-3845801,-935390247,5056.43,21.274,2575.2,65,0,0
1040070108,-3850018,-935384473,5122.9,21.265,2573.6,65,0,0
1040070109,-3851385,-935382617,5144.34,21.246,2573.4,65,0,0
1040070112,-3855467,-935377071,5208.42,20.938,2575.2,66,0,0
1040070115,-3859204,-935371545,5270.53,20.817,2579.8,66,0,0
1040070116,-3860274,-935369619,5291.04,20.798,2581.8,67,0,0
1040070119,-3862439,-935363560,5351.17,20.313,2587.6,67,0,0
1040070120,-3862853,-935361013,5375.23,20.192,2589.4,67,0,0
1040070122,-3863005,-935357054,5412.2,20.126,2592.6,66,0,0
1040070125,-3862927,-935350557,5472.82,20.238,2597,66,0,0
1040070128,-3862643,-935343982,5534.23,20.238,2602.6,66,0,0
1040070129,-3862491,-935341799,5554.65,20.238,2604.8,66,0,0
1040070132,-3861999,-935335331,5615.17,19.846,2611.2,66,0,0
1040070135,-3862157,-935328870,5675.57,18.624,2616.2,67,0,0
1040070138,-3864134,-935323767,5726.8,18.493,2621.2,66,0,0
1040070140,-3866522,-935320538,5764.14,18.755,2624.8,66,0,0
1040070141,-3868191,-935318776,5786.72,18.624,2626.4,65,0,0
1040070144,-3872295,-935314818,5839.71,18.559,2630.8,66,0,0
1040070147,-3876727,-935310609,5896.52,18.633,2635.6,66,0,0
1040070150,-3881249,-935306171,5955.43,19.837,2640,66,0,0
1040070153,-3885819,-935301669,6015.09,20.042,2643,65,0,0
1040070156,-3890403,-935297091,6075.34,19.436,2645.2,65,0,0
1040070158,-3893066,-935294472,6110.06,19.492,2646.4,65,0,0
1040070161,-3897541,-935290021,6168.76,19.454,2647.8,65,0,0
1040070164,-3901402,-935285307,6225.52,18.661,2649.8,64,0,0
1040070165,-3902378,-935283551,6244.23,18.661,2650.4,64,0,0
1040070167,-3903836,-935279701,6282.62,19.193,2651.6,64,0,0
1040070170,-3905526,-935273649,6341.23,19.268,2653,65,0,0
1040070173,-3907254,-935267463,6401.13,19.277,2655.2,65,0,0
1040070176,-3908983,-935261223,6461.51,19.893,2658.2,65,0,0
1040070179,-3910960,-935255066,6521.81,19.968,2662,65,0,0
1040070180,-3911674,-935252998,6542.21,19.968,2663.4,65,0,0
1040070183,-3913782,-935246822,6603.06,20.164,2667.6,65,0,0
1040070186,-3915754,-935240554,6664.34,20.257,2671.8,65,0,0
1040070188,-3917047,-935236388,6705.02,20.313,2675,65,0,0
1040070191,-3918981,-935230098,6766.38,20.36,2679.6,65,0,0
1040070194,-3920890,-935223786,6827.87,20.462,2684,63,0,0
1040070197,-3922790,-935217581,6888.4,20.462,2688.2,63,0,0
1040070198,-3923327,-935215463,6908.77,20.462,2689.4,63,0,0
1040070201,-3924215,-935209120,6968.57,20.07,2693.2,64,0,0
1040070202,-3924383,-935207006,6988.36,20.033,2694.2,64,0,0
1040070203,-3924553,-935204939,7007.71,19.977,2695.2,64,0,0
1040070206,-3925462,-935198953,7064.25,18.465,2697.4,65,0,0
1040070207,-3926061,-935197116,7082.27,18.335,2698.2,65,0,0
1040070210,-3928606,-935191766,7137.53,18.559,2700.6,65,0,0
1040070213,-3931607,-935186580,7193.34,18.559,2703,65,0,0
1040070216,-3934544,-935181363,7249.1,18.559,2704.2,65,0,0
1040070217,-3935485,-935179647,7267.34,18.559,2704.6,65,0,0
1040070220,-3938268,-935174650,7320.62,17.738,2704.8,65,0,0
1040070223,-3941205,-935169667,7374.51,18.251,2703.4,64,0,0
1040070226,-3943987,-935164808,7426.65,17.019,2701,63,0,0
1040070228,-3945565,-935161825,7458.1,15.76,2699.4,63,0,0
1040070231,-3947170,-935157921,7497.44,12.708,2697.2,63,0,0
1040070235,-3949288,-935153814,7540.54,10.544,2695.6,63,0,0
1040070236,-3949716,-935152876,7550.15,10.273,2695.2,63,0,0
1040070238,-3949825,-935151036,7567.56,9.088,2694.8,63,0,0
1040070241,-3948505,-935148039,7598.12,10.516,2694.4,62,0,0
1040070245,-3946089,-935142834,7651.61,14.257,2693.4,65,0,0
1040070248,-3942969,-935138479,7701.6,16.945,2693,68,0,0
1040070249,-3941536,-935137133,7719.87,17.374,2693,68,0,0
1040070251,-3938177,-935134583,7759.05,17.85,2693,68,0,0
1040070252,-3936309,-935133549,7778.86,18.736,2693.2,68,0,0
1040070254,-3932347,-935131856,7818.85,19.296,2693.2,68,0,0
1040070257,-3926140,-935129412,7880.72,19.949,2693.4,67,0,0
1040070260,-3919847,-935127038,7943.08,19.846,2692.8,66,0,0
1040070261,-3917784,-935126199,7963.75,19.949,2692.6,65,0,0
1040070263,-3913667,-935124493,8005.09,20.173,2692.4,65,0,0
1040070266,-3907697,-935121507,8067.06,20.378,2692.2,65,0,0
1040070267,-3905812,-935120319,8087.75,20.481,2692.2,65,0,0
1040070270,-3900507,-935116207,8150.2,20.63,2692.6,65,0,0
1040070271,-3898904,-935114659,8170.92,20.63,2693,65,0,0
1040070274,-3894424,-935109722,8232.94,20.593,2694.6,66,0,0
1040070276,-3891532,-935106431,8273.7,20.518,2695.4,66,0,0
1040070279,-3887296,-935101571,8333.68,20.444,2695.8,66,0,0
1040070282,-3883031,-935096733,8393.68,19.949,2695.8,65,0,0
1040070285,-3878774,-935091930,8453.39,19.921,2694.8,64,0,0
1040070287,-3875860,-935088635,8494.31,19.921,2693.4,63,0,0
1040070290,-3871379,-935083517,8557.6,21.545,2691.2,63,0,0
1040070292,-3868263,-935079948,8601.67,21.992,2689,63,0,0
1040070295,-3863455,-935074532,8669.05,22.188,2685.2,63,0,0
1040070298,-3858638,-935069093,8736.64,22.179,2680.8,64,0,0
1040070301,-3853940,-935064129,8800.24,21.078,2675.8,64,0,0
1040070304,-3848759,-935060069,8861.49,20.21,2670.4,65,0,0
1040070307,-3842732,-935057244,8923.36,20.611,2664.6,65,0,0
1040070310,-3836547,-935055418,8983.18,20.248,2659,66,0,0
1040070311,-3834508,-935054888,9002.7,20.21,2657.2,66,0,0
1040070314,-3828610,-935053584,9058.59,18.437,2652.4,65,0,0
1040070315,-3826792,-935052859,9076.75,18.148,2651,65,0,0
1040070316,-3825109,-935051945,9094.53,17.859,2649.4,65,0,0
1040070318,-3822334,-935049533,9128.83,17.411,2646.6,65,0,0
1040070320,-3820783,-935046223,9163.07,17.131,2644.6,65,0,0
1040070322,-3820503,-935042370,9199.28,17.85,2643.4,65,0,0
1040070324,-3821470,-935038650,9235.17,17.616,2642.4,65,0,0
1040070327,-3824030,-935033506,9288.73,17.607,2641.6,65,0,0
1040070330,-3826840,-935028638,9341.06,16.674,2641.6,66,0,0
1040070333,-3829485,-935024258,9388.67,15.788,2643.8,66,0,0
1040070337,-3832904,-935018163,9453.76,15.788,2649.2,66,0,0
1040070340,-3835165,-935013752,9499.96,15.48,2653,65,0,0
1040070343,-3836620,-935009168,9544.92,15.33,2656.2,66,0,0
1040070344,-3836700,-935007869,9557.08,15.33,2657,66,0,0
1040070345,-3836613,-935005923,9575.23,15.33,2657.8,66,0,0
1040070347,-3835901,-935002889,9604.34,16.142,2659.4,65,0,0
1040070349,-3834262,-934999605,9638.66,17.047,2660.6,63,0,0
1040070350,-3833138,-934998200,9655.4,17.084,2661.6,61,0,0
1040070351,-3831807,-934996877,9672.85,17.103,2662.2,62,0,0
1040070353,-3828575,-934994729,9708.94,17.047,2663.2,62,0,0
1040070355,-3824724,-934993344,9746.91,18.4,2663.8,61,0,0
1040070356,-3822686,-934992791,9766.49,18.941,2664,61,0,0
1040070359,-3816456,-934991528,9825.43,19.464,2664,62,0,0
1040070361,-3812457,-934990607,9863.49,18.895,2663.8,63,0,0
1040070362,-3810609,-934989928,9881.75,18.895,2663.6,63,0,0
1040070364,-3807145,-934988309,9917.23,17.663,2663.4,64,0,0
1040070365,-3805616,-934987249,9934.51,17.458,2663.4,64,0,0
1040070367,-3802868,-934984873,9968.28,16.87,2663.6,65,0,0
1040070369,-3800196,-934982443,10001.86,16.618,2664,65,0,0
1040070371,-3797155,-934980407,10035.87,16.861,2664.2,65,0,0
1040070374,-3792137,-934977421,10090.09,18.242,2664,65,0,0
1040070376,-3788957,-934975295,10125.62,17.588,2663.4,66,0,0
1040070380,-3783350,-934971324,10189.43,15.05,2661.4,66,0,0
1040070381,-3782127,-934970453,10203.38,14.304,2661,66,0,0
1040070385,-3778267,-934967680,10247.54,9.751,2660,65,0,0
1040070388,-3776541,-934966472,10267.09,6.429,2659.6,64,0,0
1040070392,-3775457,-934965632,10279.83,2.435,2660.6,65,0,0
1040070399,-3774365,-934964850,10292.22,1.81,2662.6,67,0,0
1040070404,-3774188,-934964508,10296.24,1.045,2663.8,68,0,0
1040070408,-3774093,-934964395,10298.79,1.036,2664.2,67,75,0.5
1040070409,-3774115,-934964439,10299.22,0,2664.2,68,0,0
1040070414,-3773727,-934963992,10304.58,1.036,2663.8,68,0,0
1040070415,-3773399,-934963743,10308.4,2.725,2663.2,68,0,0
1040070419,-3771384,-934962266,10331.59,6.69,2661,68,0,0
1040070423,-3767950,-934959512,10372.5,11.066,2660.4,71,0,0
1040070427,-3763279,-934955917,10427.28,13.66,2661,73,0,0
1040070431,-3757267,-934952558,10491.25,16.142,2662.4,72,0,0
1040070434,-3752057,-934949767,10546.11,18.242,2663,71,0,0
1040070435,-3750276,-934948739,10565.2,18.68,2663.2,71,0,0
1040070438,-3745043,-934945540,10622.15,18.559,2663.6,71,0,0
1040070440,-3741665,-934943481,10658.89,18.242,2664.4,70,0,0
1040070443,-3736130,-934941086,10714.94,18.531,2665.4,68,0,0
1040070446,-3730279,-934939039,10772.47,18.559,2666.2,68,0,0
1040070447,-3728318,-934938173,10792.36,19.333,2666.4,67,0,0
1040070450,-3722441,-934935255,10853.26,19.772,2667.8,66,0,0
1040070453,-3716827,-934932361,10911.88,19.333,2668.6,66,0,0
1040070456,-3711514,-934929632,10967.32,17.99,2668.8,65,0,0
1040070458,-3708116,-934928038,11002.14,17.318,2668.2,66,0,0
1040070461,-3703010,-934926126,11052.74,16.777,2667.4,66,0,0
1040070462,-3701207,-934925586,11070.19,17.103,2667.2,65,0,0
1040070465,-3695563,-934924219,11124.04,17.56,2666,64,0,0
1040070466,-3693612,-934923865,11142.41,17.56,2665.6,63,0,0
1040070469,-3687745,-934922916,11197.5,17.943,2664,63,0,0
1040070472,-3682205,-934921903,11249.71,17.066,2662,63,0,0
1040070474,-3678848,-934921314,11281.3,15.76,2660,64,0,0
1040070478,-3672587,-934920197,11340.27,14.435,2656,65,0,0
1040070480,-3669887,-934919590,11365.92,12.54,2654.2,65,0,0
1040070482,-3667343,-934918770,11390.71,12.372,2652.2,65,0,0
1040070484,-3664916,-934917463,11416.3,12.951,2650.2,64,0,0
1040070485,-3663819,-934916699,11428.72,12.811,2649.2,64,0,0
1040070488,-3660905,-934914094,11465.04,12.372,2646.2,62,0,0
1040070493,-3656100,-934909463,11527.09,13.082,2642.4,62,0,0
1040070497,-3652023,-934905495,11579.98,12.746,2638.8,63,0,0
1040070502,-3647283,-934901086,11640.19,12.093,2636.8,63,0,0
1040070507,-3642378,-934897320,11697.71,11.719,2634.8,63,0,0
1040070512,-3636696,-934894319,11757.41,11.85,2631.8,63,0,0
1040070517,-3630585,-934891763,11818.88,12.494,2627.8,63,0,0
1040070518,-3629253,-934891276,11832.04,12.96,2627,63,0,0
1040070522,-3623936,-934889337,11884.52,12.755,2623.6,63,0,0
1040070525,-3620189,-934887972,11921.52,12.755,2621.6,63,0,0
1040070530,-3613889,-934885330,11984.98,13.53,2619.8,63,0,0
1040070531,-3612599,-934884611,11998.68,13.595,2619.4,63,0,0
1040070532,-3611424,-934883822,12011.83,13.595,2619.2,63,0,0
1040070535,-3608345,-934881252,12049.12,12.634,2619,63,0,0
1040070539,-3604479,-934877629,12098.38,12.634,2621,66,0,0
1040070543,-3600363,-934874414,12146.95,12.372,2625.2,65,0,0
1040070547,-3595784,-934871175,12199.05,13.203,2630,65,0,0
1040070550,-3592022,-934868546,12241.69,14.145,2632.6,65,0,0
1040070554,-3586593,-934864834,12302.77,15.601,2636,65,0,0
1040070556,-3583664,-934862821,12335.77,16.245,2638,65,0,0
1040070559,-3579192,-934859584,12387.06,17.15,2641,65,0,0
1040070561,-3576148,-934857169,12423.18,18.111,2643.4,65,0,0
1040070564,-3571613,-934853134,12479.61,18.671,2646.6,65,0,0
1040070566,-3568454,-934850247,12519.4,19.818,2648.8,66,0,0
1040070569,-3563611,-934845646,12581.52,20.658,2651.2,68,0,0
1040070571,-3560325,-934842340,12624.86,21.041,2652,69,0,0
1040070574,-3555375,-934837898,12686.71,20.089,2652.4,71,0,0
1040070576,-3552074,-934835548,12724.41,18.82,2652,71,0,0
1040070578,-3548165,-934834096,12763.19,19.669,2651.6,71,0,0
1040070581,-3541409,-934833455,12826.18,21.059,2650.8,71,0,0
1040070584,-3534539,-934832759,12890.2,20.014,2650,71,0,0
1040070585,-3532571,-934832268,12909,19.333,2649.8,71,0,0
1040070587,-3529282,-934830710,12942.8,18.848,2649.6,71,0,0
1040070588,-3527599,-934829497,12962.07,18.951,2649.4,70,0,0
1040070590,-3524526,-934826578,13001.51,19.921,2649.4,70,0,0
1040070594,-3519857,-934820468,13073.03,17.383,2650.6,71,0,0
1040070595,-3518634,-934819074,13090.29,17.383,2650.8,71,0,0
1040070598,-3514792,-934814407,13146.54,18.521,2652,71,0,0
1040070600,-3512115,-934811073,13186.32,19.762,2653,71,0,0
1040070603,-3507962,-934805974,13247.52,20.36,2654.6,72,0,0
1040070606,-3503924,-934800896,13307.9,19.949,2656,72,0,0
1040070609,-3500362,-934796340,13361.72,17.43,2657.4,71,0,0
1040070610,-3499387,-934795023,13376.97,16.273,2657.8,71,0,0
1040070612,-3497842,-934792578,13403.92,13.623,2658.4,71,0,0
1040070613,-3497438,-934791342,13416.02,12.811,2658.8,70,0,0
1040070614,-3497109,-934790026,13428.66,12.662,2659.4,70,0,0
1040070616,-3496527,-934787590,13452.02,11.495,2660.4,69,0,0
1040070617,-3496072,-934786472,13463.25,11.495,2661,68,0,0
1040070619,-3494361,-934784672,13486.36,12.018,2662,68,0,0
1040070622,-3490635,-934782465,13526.61,14.005,2662.6,69,0,0
1040070623,-3489453,-934781313,13541.95,14.425,2662.6,69,0,0
1040070625,-3487507,-934778547,13573.47,16.049,2662.6,69,0,0
1040070628,-3484614,-934773529,13627.41,18.503,2662.4,69,0,0
1040070629,-3483517,-934771651,13647.67,19.557,2662.2,69,0,0
1040070632,-3480120,-934765780,13710.85,20.798,2661.8,69,0,0
1040070634,-3477972,-934761766,13753.27,20.5,2661,68,0,0
1040070637,-3474676,-934756083,13814.48,20.108,2659.2,69,0,0
1040070639,-3471988,-934752820,13853.85,19.65,2657,69,0,0
1040070642,-3466822,-934748903,13914.34,20.117,2653.6,70,0,0
1040070645,-3460249,-934745819,13981.76,22.338,2649.4,69,0,0
1040070646,-3457921,-934744937,14004.86,22.767,2647.8,68,0,0
1040070648,-3453238,-934743233,14051.06,22.758,2645.4,65,0,0
1040070651,-3446461,-934741428,14116.2,21.619,2643.8,64,0,0
1040070654,-3439322,-934741115,14182.48,22.076,2644,67,0,0
1040070657,-3432279,-934740847,14247.85,21.619,2645.6,69,0,0
1040070658,-3430006,-934740366,14269.39,21.619,2646.4,70,0,0
1040070660,-3425702,-934738625,14312.5,21.619,2648.4,70,0,0
1040070663,-3419607,-934735096,14377.89,21.619,2651.2,70,0,0
1040070664,-3417616,-934733959,14399.18,21.078,2652.2,70,0,0
1040070667,-3411670,-934731237,14459.97,20.089,2655.4,67,0,0
1040070668,-3409607,-934730706,14479.72,20.089,2656.2,65,0,0
1040070670,-3405264,-934730345,14520.16,20.462,2658.2,63,0,0
1040070671,-3403077,-934730487,14540.47,20.462,2659.2,63,0,0
1040070673,-3398597,-934731339,14582.76,20.462,2661.4,62,0,0
1040070676,-3392123,-934732714,14644.11,20.369,2664,63,0,0
1040070677,-3390013,-934732863,14663.71,20.08,2664.6,63,0,0
1040070678,-3387987,-934732736,14682.53,19.492,2665.2,63,0,0
1040070679,-3385931,-934732412,14701.82,19.427,2666,63,0,0
1040070681,-3382056,-934730870,14740.66,19.427,2667.8,63,0,0
1040070683,-3378755,-934728081,14780.94,20.08,2669,63,0,0
1040070685,-3376005,-934723896,14827.59,20.08,2670.4,63,0,0
1040070688,-3372518,-934719126,14882.7,19.809,2672.6,63,0,0
1040070689,-3370940,-934717724,14902.32,19.809,2673.6,63,0,0
1040070692,-3365518,-934713944,14963.71,20.369,2676.2,63,0,0
1040070694,-3361950,-934711480,15003.98,20.136,2677.6,63,0,0
1040070696,-3358818,-934708746,15042.66,19.809,2679,62,0,0
1040070697,-3356455,-934704831,15085.33,19.333,2680.4,62,0,0
1040070699,-3355835,-934702815,15104.99,19.333,2681,63,0,0
1040070700,-3355452,-934700700,15125.05,19.622,2682,63,0,0
1040070701,-3355222,-934698505,15145.63,19.772,2683,63,0,0
1040070703,-3355161,-934694066,15187.07,19.772,2685,63,0,0
1040070706,-3355041,-934687840,15245.16,18.923,2687,63,0,0
1040070707,-3354802,-934686330,15259.39,18.176,2687.6,63,0,0
1040070708,-3354116,-934684176,15280.45,17.738,2688.2,63,0,0
1040070710,-3352260,-934680793,15316.48,18.251,2689.2,63,0,0
1040070712,-3349775,-934678278,15349.37,18.316,2690,63,0,0
1040070713,-3347898,-934677002,15370.41,17.915,2690.2,63,0,0
1040070714,-3346552,-934676356,15384.26,17.355,2690.4,63,0,0
1040070716,-3342973,-934675410,15418.63,17.112,2690.8,63,0,0
1040070718,-3339216,-934675413,15453.52,17.654,2691,63,0,0
1040070719,-3337366,-934675765,15470.97,17.626,2691.2,63,0,0
1040070720,-3335255,-934676514,15491.73,17.355,2691.2,63,0,0
1040070721,-3333986,-934677225,15505.23,17.243,2691.4,63,0,0
1040070722,-3332146,-934678551,15526.3,17.243,2691.4,63,0,0
1040070723,-3330710,-934679925,15544.78,17.859,2691.6,63,0,0
1040070724,-3329406,-934681518,15563.93,18.549,2691.6,63,0,0
1040070726,-3326006,-934686928,15623.45,21.115,2690.6,63,0,0
1040070730,-3322293,-934693497,15693.74,22.618,2689.2,64,0,0
1040070731,-3321032,-934695640,15716.9,22.748,2688.6,64,0,0
1040070734,-3317487,-934701663,15782,21.041,2686.8,64,0,0
1040070736,-3315265,-934705396,15822.47,20.136,2685.4,64,0,0
1040070739,-3311768,-934710694,15881.65,18.941,2682.8,64,0,0
1040070740,-3310377,-934712209,15900.77,18.941,2681.8,64,0,0
1040070742,-3307216,-934714332,15936.29,18.484,2679.4,64,0,0
1040070744,-3303407,-934715203,15972.68,17.943,2676.8,65,0,0
1040070746,-3299509,-934714593,16009.35,18.027,2674.2,65,0,0
1040070748,-3295865,-934712885,16046.81,18.297,2671.6,64,0,0
1040070750,-3292948,-934710151,16084.1,18.297,2668.6,63,0,0
1040070752,-3291212,-934706535,16121.6,18.297,2665.4,63,0,0
1040070754,-3290820,-934702383,16160.65,19.259,2662.4,62,0,0
1040070757,-3292294,-934695445,16226.91,22.188,2658.6,61,0,0
1040070759,-3293814,-934690277,16277.14,24.017,2656.6,61,0,0
1040070761,-3295437,-934685165,16327.16,24.213,2654.8,62,0,0
1040070764,-3298243,-934677764,16400.96,23.915,2652.2,66,0,0
1040070766,-3300202,-934672871,16450.1,24.017,2651.2,70,0,0
1040070769,-3303093,-934665650,16522.6,23.915,2650.8,72,0,0
1040070772,-3305849,-934658854,16590.96,21.974,2652.2,71,0,0
1040070773,-3306828,-934656758,16612.52,21.395,2652.8,71,0,0
1040070775,-3309116,-934653128,16652.56,19.893,2654.6,71,0,0
1040070776,-3310429,-934651644,16670.98,18.391,2655.6,71,0,0
1040070778,-3313521,-934649104,16708.24,18.036,2657.8,69,0,0
1040070779,-3315172,-934648114,16726.12,17.85,2658.8,68,0,0
1040070782,-3320401,-934645744,16779.39,17.458,2661.8,66,0,0
1040070783,-3322147,-934644950,16797.18,17.85,2662.6,66,0,0
1040070785,-3325422,-934643155,16831.81,17.57,2664.2,66,0,0
1040070786,-3326861,-934642059,16848.58,17.56,2664.8,66,0,0
1040070787,-3328138,-934640664,16866.16,17.467,2665.6,66,0,0
1040070788,-3329191,-934639114,16883.6,17.458,2666,66,0,0
1040070789,-3330025,-934637431,16901.1,17.43,2666.6,66,0,0
1040070791,-3330876,-934633871,16935.4,17.28,2667.2,68,0,0
1040070793,-3330714,-934630353,16968.32,16.189,2668,68,0,0
1040070794,-3330341,-934628716,16983.97,15.844,2668.4,68,0,0
1040070795,-3329781,-934627016,17000.66,15.844,2668.8,68,0,0
1040070797,-3327970,-934623205,17040.01,17.075,2669.4,68,0,0
1040070800,-3324740,-934618114,17096.13,20.089,2671,67,0,0
1040070803,-3321202,-934612471,17158.15,20.565,2672,68,0,0
1040070806,-3317380,-934607405,17217.27,18.419,2672.4,68,0,0
1040070807,-3315892,-934606061,17235.9,18.325,2672.6,68,0,0
1040070808,-3314217,-934605030,17254.16,17.672,2672.6,68,0,0
1040070809,-3312031,-934604210,17275.79,17.458,2672.6,68,0,0
1040070810,-3310435,-934604069,17290.64,17.458,2672.4,69,0,0
1040070811,-3308463,-934604147,17308.92,17.42,2672.2,70,0,0
1040070813,-3304176,-934605265,17350.12,17.85,2672,70,0,0
1040070816,-3298935,-934608110,17405.48,18.521,2671.8,71,0,0
1040070819,-3293248,-934611147,17465.32,19.333,2671.6,72,0,0
1040070821,-3289176,-934612769,17506,19.93,2671.8,72,0,0
1040070822,-3286932,-934613317,17527.41,20.136,2671.8,72,0,0
1040070824,-3282316,-934613695,17570.38,20.873,2672,71,0,0
1040070827,-3275558,-934612405,17634.34,20.649,2673.2,70,0,0
1040070829,-3271392,-934610277,17677.8,20.873,2674.4,69,0,0
1040070832,-3265786,-934605586,17745.86,22.45,2675.6,68,0,0
1040070835,-3260084,-934600124,17819.28,23.868,2676.4,67,0,0
1040070837,-3256389,-934596719,17866,23.009,2676.6,66,0,0
1040070840,-3251422,-934591765,17931.24,21.274,2676.6,66,0,0
1040070841,-3250003,-934590108,17951.54,21.274,2676.6,66,0,0
1040070844,-3246486,-934584501,18013.41,19.147,2676.4,66,0,0
1040070847,-3244946,-934578830,18068.25,19.8,2676.2,65,0,0
1040070850,-3243933,-934571820,18134.34,20.042,2675.8,65,0,0
1040070851,-3243695,-934570074,18150.77,19.912,2675.8,65,0,0
1040070854,-3242270,-934563790,18210.95,19.912,2674.6,62,0,0
1040070855,-3241408,-934561762,18231.48,20.042,2674,62,0,0
1040070857,-3239036,-934558034,18272.64,20.052,2672.6,62,0,0
1040070858,-3237652,-934556359,18292.84,20.089,2671.8,62,0,0
1040070860,-3234298,-934553323,18334.93,20.826,2670,62,0,0
1040070861,-3232388,-934552013,18356.43,21.479,2669.2,62,0,0
1040070864,-3226336,-934548415,18421.81,21.946,2665.8,63,0,0
1040070866,-3222253,-934546172,18465.06,21.395,2662.8,63,0,0
1040070869,-3216658,-934542555,18527,21.395,2658.8,63,0,0
1040070870,-3214982,-934541051,18547.93,21.395,2657.6,64,0,0
1040070873,-3210623,-934535202,18615.89,21.125,2654,65,0,0
1040070876,-3206758,-934529998,18676.29,20.089,2651,66,0,0
1040070877,-3205590,-934528782,18691.97,19.678,2649.8,66,0,0
1040070878,-3204020,-934527491,18710.86,19.165,2648.8,66,0,0
1040070880,-3200404,-934525674,18748.51,18.848,2646.8,66,0,0
1040070882,-3196301,-934524964,18787.17,19.259,2645.2,66,0,0
1040070885,-3189731,-934525394,18848.26,20.304,2643.6,66,0,0
1040070888,-3182973,-934526403,18911.6,20.733,2642.8,66,0,0
1040070891,-3176185,-934527238,18974.98,20.602,2644,65,0,0
1040070893,-3171884,-934528089,19015.63,20.602,2646.4,64,0,0
1040070895,-3167722,-934529212,19055.61,19.744,2648.8,63,0,0
1040070898,-3161757,-934531282,19114.16,19.109,2652.2,63,0,0
1040070900,-3157805,-934532508,19152.52,18.484,2653.8,63,0,0
1040070903,-3151866,-934533784,19208.84,18.82,2655,63,0,0
1040070904,-3149948,-934534120,19226.89,18.624,2655.2,64,0,0
1040070906,-3146252,-934535114,19262.42,17.803,2655.4,64,0,0
1040070907,-3144447,-934535871,19280.58,17.803,2655.2,65,0,0
1040070910,-3138798,-934538789,19339.59,19.968,2654.2,66,0,0
1040070911,-3136772,-934539817,19360.67,20.369,2654,66,0,0
1040070912,-3134643,-934540707,19382.07,21.227,2653.8,65,0,0
1040070914,-3130229,-934542288,19425.57,21.694,2653.4,65,0,0
1040070917,-3123655,-934544565,19490.09,21.227,2652.6,63,0,0
1040070920,-3117328,-934546534,19551.54,20.35,2651.4,61,0,0
1040070921,-3115248,-934547004,19571.31,19.893,2650.6,61,0,0
1040070922,-3113113,-934547287,19591.27,19.893,2649.8,62,0,0
1040070924,-3108951,-934546995,19630.02,19.604,2648,62,0,0
1040070926,-3105040,-934545428,19669.2,19.893,2645.8,62,0,0
1040070928,-3101644,-934542840,19709.01,19.576,2643.2,62,0,0
1040070931,-3097686,-934537885,19768.11,19.445,2638.8,62,0,0
1040070934,-3094339,-934532884,19824.15,18.661,2635.6,62,0,0
1040070936,-3092170,-934529859,19858.81,17.458,2633.4,62,0,0
1040070937,-3091006,-934528593,19874.79,16.245,2632.2,62,0,0
1040070939,-3088181,-934526896,19905.55,15.545,2630,63,0,0
1040070941,-3084875,-934526638,19936.44,15.554,2628,63,0,0
1040070943,-3081567,-934527704,19968.79,16.179,2625.8,64,0,0
1040070945,-3078900,-934530092,20002.41,16.179,2624,64,0,0
1040070947,-3077156,-934535418,20055.36,17.374,2621.6,63,0,0
1040070949,-3077741,-934539309,20092.12,17.318,2620.6,63,0,0
1040070952,-3079498,-934545162,20149.11,18.531,2619,62,0,0
1040070953,-3080013,-934547160,20168.33,18.624,2618.8,61,0,0
1040070954,-3080309,-934549173,20187.27,18.531,2618.6,61,0,0
1040070956,-3079978,-934553156,20224.57,18.176,2618.6,62,0,0
1040070958,-3078185,-934556691,20261.6,18.176,2620,62,0,0
1040070960,-3075280,-934559560,20299.7,17.252,2622,62,0,0
1040070963,-3070929,-934561921,20345.71,16.497,2624.8,63,0,0
1040070966,-3065853,-934564213,20397.39,17.29,2627.6,64,0,0
1040070968,-3062269,-934565924,20434.24,18.54,2629.6,65,0,0
1040070971,-3056593,-934568879,20493.65,19.744,2632.4,67,0,0
1040070972,-3054718,-934570031,20514.08,20.08,2633.6,67,0,0
1040070975,-3049246,-934574098,20577.45,21.069,2636.6,68,0,0
1040070976,-3047502,-934575666,20599.25,21.433,2637.6,68,0,0
1040070979,-3042565,-934580827,20665.71,22.263,2640.2,69,0,0
1040070980,-3042565,-934580827,20665.71,22.263,2640.2,69,0,0
1040070982,-3037951,-934586555,20734.16,22.888,2642.4,70,0,0
1040070985,-3033414,-934592309,20802.35,22.459,2644.2,71,0,0
1040070988,-3029034,-934597802,20867.74,21.489,2645,71,0,0
1040070990,-3026124,-934601172,20909.17,20.518,2645.2,70,0,0
1040070992,-3022871,-934603988,20949.21,20.089,2645.4,69,0,0
1040070993,-3021020,-934605085,20969.18,20.089,2645.2,69,0,0
1040070994,-3018999,-934605954,20989.59,20.22,2645.2,70,0,0
1040070995,-3016813,-934606543,21010.58,20.63,2644.8,70,0,0
1040070997,-3012085,-934607025,21054.76,21.349,2644,73,0,0
1040070998,-3009563,-934606957,21078.1,22.814,2643.4,74,0,0
1040071001,-3001704,-934606763,21150.95,23.952,2641.8,74,0,0
1040071003,-2996460,-934606606,21199.56,23.98,2641.2,73,0,0
1040071006,-2988571,-934606409,21272.69,23.933,2640.4,72,0,0
1040071009,-2980654,-934606137,21346.1,23.98,2638.4,72,0,0
1040071010,-2977989,-934606039,21370.83,23.98,2637.6,72,0,0
1040071013,-2969867,-934605756,21446.14,25.361,2634,70,0,0
1040071015,-2963772,-934605660,21502.63,25.51,2631.2,68,0,0
1040071018,-2955988,-934605557,21574.79,25.361,2627,64,0,0
1040071020,-2950547,-934605417,21625.23,25.361,2624,64,0,0
1040071022,-2945138,-934605116,21675.44,25.361,2621.4,63,0,0
1040071024,-2939883,-934604721,21724.27,25.044,2618.6,63,0,0
1040071027,-2931825,-934603785,21799.48,24.922,2614.6,63,0,0
1040071029,-2926404,-934602775,21850.6,25.473,2612.4,63,0,0
1040071031,-2920909,-934601511,21902.88,26.023,2610.4,63,0,0
1040071033,-2915323,-934600146,21956.2,26.602,2609.4,63,0,0
1040071034,-2912554,-934599436,21982.7,26.602,2609,63,0,0
1040071035,-2909804,-934598723,22009.04,26.434,2608.6,64,0,0
1040071037,-2904328,-934597346,22061.39,26.098,2608.4,65,0,0
1040071039,-2898917,-934595938,22113.23,26.098,2608.8,65,0,0
1040071041,-2893593,-934594427,22164.56,26.098,2609.8,64,0,0
1040071042,-2890959,-934593611,22190.13,25.893,2610.6,64,0,0
1040071045,-2883509,-934590674,22264.46,24.54,2613.6,64,0,0
1040071048,-2876870,-934586742,22336.13,23.588,2618.2,63,0,0
1040071051,-2870915,-934582239,22405.49,23.093,2623.6,64,0,0
1040071052,-2869035,-934580724,22427.93,22.786,2625.2,64,0,0
1040071055,-2863680,-934576030,22494.12,21.927,2631.4,66,0,0
1040071057,-2860347,-934572743,22537.66,21.545,2635.6,67,0,0
1040071058,-2858891,-934570963,22559.06,21.339,2637.6,68,0,0
1040071060,-2856560,-934567145,22600.76,20.929,2641.2,68,0,0
1040071061,-2855703,-934565126,22621.21,20.639,2643,68,0,0
1040071063,-2854659,-934560939,22661.48,19.94,2646.6,68,0,0
1040071065,-2854447,-934556573,22702.31,19.93,2650.4,66,0,0
1040071066,-2854601,-934554391,22722.71,19.809,2652.2,66,0,0
1040071069,-2856159,-934548243,22781.85,19.93,2657.6,64,0,0
1040071072,-2857811,-934542290,22839.46,19.053,2662,63,0,0
1040071075,-2859160,-934537128,22889.2,15.974,2665.8,64,0,0
1040071078,-2860003,-934533404,22924.79,11.374,2668.8,64,0,0
1040071081,-2860506,-934531324,22944.74,5.841,2671.8,65,0,0
1040071085,-2860813,-934530513,22952.84,2.286,2674,65,0,0
1040071089,-2861406,-934528851,22969.25,5.057,2676.6,67,0,0
1040071093,-2862554,-934526688,22992.11,4.787,2678.8,67,0,0
1040071095,-2862954,-934525816,23001.05,4.731,2679.6,67,0,0
1040071097,-2863263,-934524669,23012.14,5.514,2680.2,68,0,0
1040071098,-2863303,-934524035,23018.04,5.514,2680.4,68,0,0
1040071099,-2863252,-934523383,23024.14,5.738,2680.6,68,0,0
1040071101,-2862547,-934521953,23039.06,7.138,2681,68,0,0
1040071102,-2861926,-934521272,23047.6,7.94,2681.2,68,0,0
1040071105,-2859789,-934518601,23079.44,11.076,2681.8,68,0,0
1040071108,-2857335,-934514681,23122.52,14.659,2682.2,69,0,0
1040071111,-2854154,-934510245,23173.39,16.441,2682.2,71,0,0
1040071112,-2852856,-934508841,23191.17,16.935,2682.2,71,0,0
1040071115,-2848273,-934505048,23246.48,18.456,2682.2,72,0,0
1040071118,-2842912,-934501421,23306.6,20.164,2682.6,73,0,0
1040071119,-2840999,-934500202,23327.66,20.5,2683.2,73,0,0
1040071122,-2835078,-934496425,23392.87,21.442,2685,73,0,0
1040071124,-2831265,-934493494,23437.57,21.619,2686.6,72,0,0
1040071127,-2826606,-934488285,23502.66,21.442,2689.6,70,0,0
1040071130,-2822358,-934482823,23567.06,21.526,2694,69,0,0
1040071133,-2817951,-934477959,23628.15,20.164,2699.2,68,0,0
1040071136,-2812749,-934473922,23689.5,20.332,2705.2,68,0,0
1040071138,-2808796,-934472096,23729.94,20.126,2708.8,67,0,0
1040071139,-2806659,-934471462,23750.6,20.126,2710.6,67,0,0
1040071140,-2804023,-934470913,23775.56,20.126,2712.2,67,0,0
1040071142,-2799420,-934470460,23818.43,21.199,2714.2,67,0,0
1040071145,-2792909,-934470263,23878.81,20.919,2715.8,67,0,0
1040071147,-2788204,-934470093,23922.45,21.199,2716.2,67,0,0
1040071150,-2781097,-934469893,23988.34,21.535,2715.4,66,0,0
1040071151,-2778636,-934469858,24011.15,21.535,2714.8,66,0,0
1040071154,-2771063,-934469839,24081.32,22.963,2711.4,66,0,0
1040071157,-2763403,-934469548,24152.37,23.56,2706.2,66,0,0
1040071160,-2755673,-934469285,24224.06,23.495,2701.2,66,0,0
1040071163,-2748082,-934469079,24294.44,23.495,2695.4,66,0,0
1040071166,-2740487,-934469274,24364.89,23.56,2689.4,65,0,0
1040071167,-2737933,-934469565,24388.72,23.56,2687.4,65,0,0
1040071170,-2730293,-934471200,24461.21,23.597,2681.6,65,0,0
1040071171,-2727743,-934471989,24485.96,24.334,2679.6,65,0,0
1040071173,-2722620,-934473923,24536.73,24.838,2675.8,65,0,0
1040071175,-2717508,-934475865,24587.45,25.156,2672.2,66,0,0
1040071177,-2712370,-934477813,24638.41,24.838,2668.8,66,0,0
1040071180,-2704948,-934480747,24712.43,24.838,2664.4,68,0,0
1040071182,-2700086,-934482423,24760.13,23.868,2661.8,68,0,0
1040071185,-2692830,-934484172,24829.37,22.879,2657.4,68,0,0
1040071186,-2690397,-934484549,24852.19,22.879,2656,67,0,0
1040071189,-2683004,-934485275,24921.05,23.149,2652,64,0,0
1040071191,-2677979,-934485573,24967.71,23.149,2649.4,64,0,0
1040071193,-2672940,-934485861,25014.49,23.149,2647,65,0,0
1040071196,-2665405,-934486631,25084.7,23.289,2642.6,65,0,0
1040071197,-2662927,-934487071,25108.03,23.327,2641.2,65,0,0
1040071200,-2655580,-934489366,25179.49,23.793,2636.4,66,0,0
1040071202,-2650932,-934491705,25227.82,23.532,2633,70,0,0
1040071203,-2648831,-934493172,25251.61,23.635,2631.4,70,0,0
1040071206,-2642928,-934498029,25322.7,23.784,2625.4,67,0,0
1040071209,-2637568,-934503670,25395.04,23.877,2619.8,64,0,0
1040071211,-2633894,-934507349,25443.38,23.877,2616.4,64,0,0
1040071214,-2628087,-934512603,25516.19,23.999,2612.8,65,0,0
1040071217,-2622084,-934517468,25588.02,24.129,2609.2,63,0,0
1040071220,-2615397,-934521870,25662.37,24.25,2604.8,63,0,0
1040071221,-2613108,-934523269,25687.28,24.288,2603.2,63,0,0
1040071224,-2606247,-934527307,25761.2,24.502,2599,65,0,0
1040071227,-2599478,-934531231,25833.83,24.502,2595,68,0,0
1040071230,-2593176,-934535034,25902.18,22.226,2591,69,0,0
1040071234,-2585593,-934539452,25983.65,20.182,2585.2,67,0,0
1040071235,-2583718,-934540558,26003.87,20.238,2583.8,67,0,0
1040071238,-2578168,-934543655,26062.86,19.399,2579.8,66,0,0
1040071240,-2574659,-934545421,26099.32,18.428,2577,67,0,0
1040071243,-2569605,-934547183,26149.06,16.609,2572.2,67,0,0
1040071244,-2567833,-934547470,26165.7,16.609,2570.6,68,0,0
1040071246,-2564139,-934547594,26199.98,17.234,2567.8,68,0,0
1040071249,-2558411,-934547094,26253.22,18.242,2563.4,68,0,0
1040071251,-2553727,-934546758,26296.74,19.809,2560.6,68,0,0
1040071254,-2547382,-934546518,26355.58,20.761,2556.2,68,0,0
1040071257,-2540018,-934546143,26423.93,21.433,2552.4,68,0,0
1040071260,-2533577,-934545857,26483.68,21.209,2549,68,0,0
1040071262,-2528911,-934545259,26527.35,19.977,2546.4,68,0,0
1040071263,-2526941,-934544694,26546.35,18.857,2545.2,68,0,0
1040071264,-2525038,-934543950,26565.3,18.717,2544.2,68,0,0
1040071266,-2521331,-934542032,26604.05,19.352,2542.6,68,0,0
1040071269,-2516077,-934538887,26660.9,19.977,2541,67,0,0
1040071271,-2512301,-934536376,26703.01,20.742,2540.6,68,0,0
1040071274,-2506526,-934532420,26768.03,21.423,2541.4,68,0,0
1040071276,-2502704,-934530006,26810,20.817,2543,68,0,0
1040071279,-2496687,-934527155,26871.83,20.742,2545.8,68,0,0
1040071281,-2492454,-934525950,26912.66,20.528,2548.2,68,0,0
1040071282,-2490297,-934525665,26932.83,20.472,2549.2,68,0,0
1040071283,-2488091,-934525632,26953.27,20.444,2550.2,68,0,0
1040071285,-2483601,-934526293,26995.39,20.444,2552.2,67,0,0
1040071286,-2481431,-934526943,27016.39,20.444,2553.2,67,0,0
1040071288,-2477150,-934528672,27059.25,21.293,2555.6,67,0,0
1040071291,-2470792,-934532505,27128.19,20.901,2559.2,67,0,0
1040071292,-2469310,-934533513,27144.83,21.003,2560.2,66,0,0
1040071295,-2463539,-934537416,27209.53,21.293,2563.8,66,0,0
1040071298,-2457946,-934541376,27273.16,21.115,2567,65,0,0
1040071300,-2454341,-934543877,27313.93,20.257,2569,64,0,0
1040071303,-2449180,-934547476,27372.36,19.371,2571,64,0,0
1040071306,-2444260,-934550909,27428.08,18.437,2571.4,65,0,0
1040071310,-2438404,-934554988,27494.36,16.366,2570.4,65,0,0
1040071313,-2433564,-934558217,27548.4,17.924,2569.4,65,0,0
1040071314,-2431842,-934559388,27567.73,18.643,2569,65,0,0
1040071317,-2426599,-934562983,27626.78,19.65,2567.2,65,0,0
1040071320,-2421338,-934566579,27685.98,19.389,2565.2,65,0,0
1040071323,-2415777,-934570244,27747.83,20.658,2562.6,64,0,0
1040071325,-2412143,-934572669,27788.4,20.229,2561,65,0,0
1040071328,-2406557,-934576420,27850.89,20.621,2558.6,64,0,0
1040071331,-2400980,-934580084,27912.86,20.639,2556.4,65,0,0
1040071333,-2397343,-934582521,27953.53,20.546,2555,67,0,0
1040071336,-2391839,-934586268,28015.37,20.593,2552.8,67,0,0
1040071339,-2386334,-934589972,28076.99,20.5,2550.8,66,0,0
1040071342,-2380792,-934593641,28138.73,20.5,2548.8,66,0,0
1040071345,-2375143,-934597381,28201.64,20.602,2546.6,66,0,0
1040071348,-2369353,-934601279,28266.47,21.041,2544.2,67,0,0
1040071351,-2363504,-934605166,28331.69,21.563,2541.6,66,0,0
1040071352,-2361553,-934606458,28353.42,21.601,2540.6,67,0,0
1040071355,-2355754,-934610394,28418.52,21.666,2538.2,66,0,0
1040071358,-2349951,-934614245,28483.2,21.619,2535.8,66,0,0
1040071361,-2344315,-934618004,28546.12,20.723,2533.8,65,0,0
1040071362,-2342071,-934619525,28571.3,20.723,2533.2,64,0,0
1040071365,-2336694,-934623085,28631.19,21.442,2532.2,63,0,0
1040071368,-2330662,-934626961,28697.77,21.153,2531.4,63,0,0
1040071369,-2329187,-934627826,28713.64,20.966,2531,63,0,0
1040071372,-2323358,-934630768,28774.29,20.238,2530.2,63,0,0
1040071373,-2321380,-934631446,28793.64,19.604,2530,63,0,0
1040071376,-2315080,-934632703,28853.15,19.968,2528.8,63,0,0
1040071377,-2312528,-934633013,28876.97,20.238,2528.4,63,0,0
1040071379,-2308609,-934633262,28913.36,19.996,2527.8,62,0,0
1040071382,-2302240,-934633800,28972.6,19.52,2527.6,62,0,0
1040071384,-2298220,-934633916,29009.88,18.549,2527.8,62,0,0
1040071388,-2291050,-934632811,29077.42,16.002,2527.6,63,0,0
1040071390,-2287976,-934631473,29108.55,15.704,2527.2,64,0,0
1040071391,-2286538,-934630662,29123.88,15.414,2526.8,64,0,0
1040071392,-2285164,-934629694,29139.5,15.424,2526.4,66,0,0
1040071394,-2282362,-934627319,29173.64,15.704,2525.6,65,0,0
1040071398,-2278209,-934622686,29231.4,14.677,2523.8,65,0,0
1040071401,-2275941,-934619317,29269.27,11.598,2521.8,65,0,0
1040071404,-2274819,-934617141,29292.08,6.737,2520.2,64,0,0
1040071409,-2273498,-934613819,29325.4,7.744,2518.2,66,0,0
1040071411,-2272271,-934612375,29343.07,9.135,2517.4,66,0,0
1040071412,-2271230,-934611765,29354.24,9.732,2516.8,66,0,0
1040071414,-2269360,-934611446,29371.95,9.863,2516,66,0,0
1040071415,-2268248,-934611615,29382.36,9.863,2515.6,67,0,0
1040071416,-2267245,-934611938,29392.11,9.732,2515.2,67,0,0
1040071417,-2266180,-934612684,29404.14,9.788,2514.6,67,0,0
1040071418,-2265608,-934613442,29412.98,10.292,2514,67,0,0
1040071420,-2264446,-934615676,29436.45,11.682,2513.2,66,0,0
1040071422,-2262996,-934618250,29464,12.382,2512.6,67,0,0
1040071423,-2262298,-934619077,29474.01,12.382,2512.4,66,0,0
1040071424,-2261195,-934619941,29487.01,12.466,2512.2,65,0,0
1040071425,-2259914,-934620495,29499.96,12.792,2512.2,68,0,0
1040071426,-2258140,-934621158,29517.49,13.259,2512.2,70,0,0
1040071429,-2253364,-934622010,29562.58,15.899,2512.8,72,0,0
1040071432,-2247257,-934622475,29619.35,19.007,2513,69,0,0
1040071434,-2242681,-934622745,29661.84,20.901,2512,65,0,0
1040071436,-2237812,-934623011,29707.03,22.151,2510.2,68,0,0
1040071439,-2230225,-934623355,29777.42,23.159,2507,68,0,0
1040071442,-2222717,-934623699,29847.08,22.898,2503.4,67,0,0
1040071445,-2215232,-934624137,29916.58,23.009,2500.2,67,0,0
1040071448,-2207646,-934625032,29987.38,23.131,2498.4,68,0,0
1040071449,-2205071,-934625404,30011.5,23.709,2498,68,0,0
1040071452,-2197194,-934626561,30085.29,24.502,2496.4,69,0,0
1040071453,-2194566,-934626942,30109.9,24.39,2495.8,70,0,0
1040071455,-2188864,-934627886,30163.48,24.101,2495,71,0,0
1040071458,-2181810,-934629395,30230.38,24.101,2493.2,71,0,0
1040071461,-2174660,-934631982,30300.98,23.252,2491.4,71,0,0
1040071464,-2167968,-934635574,30371.52,23.373,2489.4,71,0,0
1040071465,-2165797,-934636882,30395.04,23.373,2488.6,71,0,0
1040071468,-2159407,-934640748,30464.39,23.252,2486,70,0,0
1040071471,-2152970,-934644159,30532.03,22.45,2483.4,69,0,0
1040071472,-2150718,-934645120,30554.74,22.804,2482.6,68,0,0
1040071475,-2143876,-934647779,30622.84,22.804,2480.6,68,0,0
1040071478,-2136954,-934650394,30691.48,22.73,2478.8,68,0,0
1040071479,-2134591,-934651150,30714.48,22.804,2478.2,68,0,0
1040071482,-2127268,-934652610,30783.77,22.907,2477,67,0,0
1040071485,-2119854,-934653497,30852.98,22.981,2475.4,66,0,0
1040071488,-2112684,-934654974,30920.91,22.926,2474.2,64,0,0
1040071490,-2108056,-934656975,30967.75,23.373,2473.6,64,0,0
1040071491,-2105821,-934658280,30991.77,23.821,2473.2,63,0,0
1040071492,-2103645,-934659724,31016.03,24.222,2473,63,0,0
1040071495,-2097153,-934664125,31088.88,24.157,2471.2,64,0,0
1040071497,-2092147,-934666664,31141.03,23.831,2470.6,64,0,0
1040071498,-2090213,-934667358,31160.08,23.831,2470.4,64,0,0
1040071500,-2084725,-934668711,31212.54,23.877,2470.4,64,0,0
1040071501,-2082183,-934669024,31236.27,23.877,2470.6,64,0,0
1040071504,-2075093,-934669351,31302.06,23.7,2471.2,65,0,0
1040071505,-2072081,-934669439,31329.99,23.691,2471.2,65,0,0
1040071508,-2065074,-934669601,31394.95,23.383,2470.4,65,0,0
1040071511,-2057551,-934669834,31464.7,23.233,2468.4,64,0,0
1040071514,-2052571,-934670047,31510.9,23.196,2466.2,63,0,0
1040071516,-2045336,-934670293,31577.99,22.422,2463.2,62,0,0
1040071519,-2038504,-934670455,31641.33,21.05,2461.8,62,0,0
1040071522,-2032155,-934670697,31700.22,19.529,2461.4,63,0,0
1040071524,-2028257,-934670890,31736.39,18.064,2461.8,63,0,0
1040071527,-2022505,-934671327,31789.86,17.85,2462.8,63,0,0
1040071530,-2016648,-934671958,31844.47,18.456,2464.8,63,0,0
1040071531,-2014623,-934672293,31863.49,19.091,2465.8,63,0,0
1040071534,-2008451,-934673745,31922.29,19.818,2467.8,63,0,0
1040071536,-2004287,-934675059,31962.79,20.229,2468.6,65,0,0
1040071538,-1999965,-934676718,32005.73,21.442,2469,66,0,0
1040071540,-1995491,-934678487,32050.36,22.338,2469,66,0,0
1040071543,-1988521,-934681265,32119.97,23.383,2468,65,0,0
1040071546,-1981185,-934684135,32193.04,24.111,2466.4,65,0,0
1040071549,-1974064,-934686838,32263.7,23.429,2465,65,0,0
1040071552,-1967180,-934689602,32332.52,23.429,2464,63,0,0
1040071553,-1964902,-934690520,32355.3,23.429,2463.8,62,0,0
1040071556,-1958289,-934693349,32422.04,21.964,2462.8,63,0,0
1040071558,-1954078,-934695465,32465.78,21.862,2462,63,0,0
1040071561,-1947878,-934699192,32532.96,22.468,2461,63,0,0
1040071563,-1943754,-934701817,32578.36,22.468,2460.4,63,0,0
1040071566,-1937427,-934705694,32647.25,22.683,2459,63,0,0
1040071569,-1930911,-934709633,32717.95,23.653,2457.2,63,0,0
1040071571,-1926394,-934712219,32766.27,23.989,2456,63,0,0
1040071574,-1919381,-934715583,32838.48,23.943,2454.4,63,0,0
1040071576,-1914513,-934717621,32887.44,23.989,2453.4,63,0,0
1040071579,-1907324,-934720328,32958.69,23.989,2452.4,63,0,0
1040071581,-1902577,-934722137,33005.81,23.793,2452.2,63,0,0
1040071584,-1895399,-934724931,33077.27,23.644,2452,63,0,0
1040071585,-1893006,-934725828,33100.97,23.644,2451.8,63,0,0
1040071588,-1885825,-934728555,33172.23,23.635,2451,63,0,0
1040071591,-1878652,-934731332,33243.58,23.653,2449.6,63,0,0
1040071594,-1871753,-934734181,33312.82,22.851,2448.2,63,0,0
1040071595,-1869129,-934735267,33339.17,22.16,2447.8,63,0,0
1040071598,-1863277,-934737735,33398.1,21.078,2446.4,64,0,0
1040071601,-1857711,-934740107,33454.23,18.363,2444.8,65,0,0
1040071604,-1853160,-934742011,33500,14.742,2443.2,65,0,0
1040071607,-1850022,-934743408,33531.86,10.236,2441.6,66,0,0
1040071610,-1848036,-934744209,33551.73,6.485,2440.6,66,0,0
1040071614,-1846987,-934744583,33562.06,2.547,2439.2,66,0,0
1040071619,-1846756,-934744727,33564.64,0.821,2436.6,66,0,0
1040071626,-1846624,-934744775,33566.68,0,2436,66,0,0
1040071635,-1846668,-934744746,33566.68,0,2437.6,63,0,0
1040071640,-1845822,-934745130,33575.31,4.339,2437.8,66,0,0
1040071644,-1843117,-934746343,33602.79,7.539,2438.2,68,0,0
1040071648,-1839338,-934747957,33640.92,9.881,2439.6,69,0,0
1040071652,-1834378,-934750212,33691.5,13.315,2440.4,69,0,0
1040071656,-1828761,-934753369,33751.32,14.519,2439.4,68,0,0
1040071657,-1827419,-934754222,33766.09,14.379,2438.8,68,0,0
1040071660,-1822854,-934757200,33816.71,15.862,2437,68,0,0
1040071662,-1819800,-934759188,33850.55,16.571,2436.2,67,0,0
1040071666,-1813888,-934763067,33916.22,17.346,2435,65,0,0
1040071669,-1809033,-934766198,33969.88,17.859,2433.6,64,0,0
1040071671,-1805680,-934768366,34006.95,18.465,2433,64,0,0
1040071674,-1800499,-934771735,34064.35,19.137,2432,65,0,0
1040071675,-1798717,-934772912,34084.18,19.566,2431.6,64,0,0
1040071678,-1793203,-934776574,34145.65,20.584,2430.8,63,0,0
1040071681,-1787754,-934780409,34207.55,20.313,2429.8,65,0,0
1040071684,-1782570,-934784473,34268.77,20.322,2428.6,66,0,0
1040071687,-1777756,-934788665,34328.1,19.632,2427.4,67,0,0
1040071690,-1773040,-934792740,34386.04,19.128,2426,67,0,0
1040071693,-1768212,-934796433,34442.55,19.352,2423.8,68,0,0
1040071696,-1763049,-934799571,34498.66,19.109,2422.2,67,0,0
1040071697,-1761193,-934800538,34518.08,19.109,2421.8,67,0,0
1040071700,-1755529,-934803045,34575.56,18.988,2420.6,66,0,0
1040071702,-1751741,-934804533,34613.31,18.867,2419.8,65,0,0
1040071705,-1746051,-934806823,34670.21,18.988,2419,67,0,0
1040071708,-1740702,-934809070,34724.04,17.439,2418.4,68,0,0
1040071709,-1738986,-934809786,34741.29,17.318,2418,69,0,0
1040071712,-1733595,-934811910,34795.04,18.102,2417,68,0,0
1040071715,-1727966,-934814160,34851.27,18.764,2416.2,68,0,0
1040071716,-1726041,-934814943,34870.56,19.193,2415.8,67,0,0
1040071719,-1719964,-934817317,34931.08,20.238,2414.8,65,0,0
1040071722,-1713592,-934819880,34994.79,21.237,2414.2,65,0,0
1040071723,-1711484,-934820728,35015.88,21.237,2414,65,0,0
1040071726,-1705462,-934823146,35076.07,19.744,2413.6,65,0,0
1040071728,-1701563,-934824697,35115,19.315,2413.4,65,0,0
1040071731,-1695793,-934827015,35172.69,19.464,2413,65,0,0
1040071734,-1689983,-934829411,35231,19.464,2412.2,65,0,0
1040071737,-1683980,-934832081,35291.95,20.416,2411.2,65,0,0
1040071740,-1677819,-934834648,35353.88,20.621,2410.6,66,0,0
1040071743,-1671475,-934837118,35417.03,20.584,2410.2,69,0,0
1040071745,-1667383,-934838847,35458.24,20.621,2409.6,72,0,0
1040071748,-1661490,-934841247,35517.27,19.389,2408.8,70,0,0
1040071751,-1655934,-934843481,35572.82,18.587,2408.4,68,0,0
1040071754,-1650390,-934845651,35628.04,18.792,2408.4,68,0,0
1040071757,-1644712,-934847692,35684.01,18.661,2408.4,68,0,0
1040071760,-1639005,-934849439,35739.37,18.531,2408.2,68,0,0
1040071763,-1633527,-934850795,35791.7,17.103,2407.8,68,0,0
1040071767,-1626749,-934851969,35855.48,15.666,2406,66,0,0
1040071768,-1624789,-934852230,35873.8,15.61,2405.4,66,0,0
1040071772,-1619355,-934852678,35924.35,12.484,2403.6,66,0,0
1040071776,-1614444,-934852475,35969.94,11.607,2402,66,0,0
1040071779,-1610429,-934853162,36007.71,12.932,2401.2,67,0,0
1040071784,-1602512,-934853666,36081.25,15.377,2400.2,68,0,0
1040071787,-1596926,-934854187,36133.26,16.282,2400.2,69,0,0
1040071789,-1593898,-934854566,36161.55,16.039,2400.2,70,0,0
1040071793,-1587143,-934855722,36225.11,16.039,2401.2,70,0,0
1040071794,-1584961,-934856232,36245.88,16.515,2401.4,70,0,0
1040071797,-1579414,-934857759,36299.25,17.859,2401.8,69,0,0
1040071799,-1576315,-934858791,36329.54,17.252,2401.8,69,0,0
1040071802,-1571867,-934860457,36373.61,13.222,2401,69,0,0
1040071805,-1569091,-934861685,36401.78,9.993,2400.2,66,0,0
1040071809,-1566143,-934863189,36432.51,7.66,2399.4,67,0,0
1040071812,-1564852,-934863841,36445.93,4.693,2397.8,67,0,0
1040071816,-1563741,-934864542,36458.12,3.051,2395.8,70,0,0
1040071817,-1563537,-934864650,36460.27,2.529,2395.4,70,0,0
1040071824,-1562405,-934865233,36472.07,2.211,2393.8,70,0,0
1040071828,-1560530,-934866335,36492.29,6.531,2393.2,70,0,0
1040071833,-1556913,-934868812,36533.02,9.172,2392.6,71,0,0
1040071839,-1551817,-934872695,36592.54,9.685,2391.6,72,0,0
1040071844,-1547351,-934876008,36644.21,9.937,2391,70,0,0
1040071846,-1545708,-934877123,36662.65,9.237,2390.8,70,0,0
1040071850,-1542940,-934878534,36691.51,6.597,2390.6,70,0,0
1040071855,-1540383,-934879506,36716.93,4.32,2390.4,68,0,0
1040071860,-1539016,-934879828,36729.95,1.969,2390,66,0,0
1040071866,-1538621,-934879829,36733.74,0,2390.2,66,0,0
1040071876,-1538015,-934879920,36739.58,1.194,2392,66,0,0
1040071883,-1537302,-934879999,36746.27,1.11,2392.8,66,0,0
1040071889,-1537067,-934880046,36748.48,0,2393.6,65,0,0
1040071893,-1536934,-934879768,36751.32,1.344,2393.4,63,0,0
1040071895,-1536706,-934879729,36753.52,1.073,2393,61,0,0
1040071899,-1536579,-934879801,36754.04,0,2392.8,64,0,0
1040071900,-1536541,-934879772,36754.46,0.579,2392.8,64,0,0
1040071907,-1535872,-934879995,36760.99,0.579,2392.8,64,0,0
1040071912,-1535952,-934880041,36761.37,0,2392,67,0,0
1040071914,-1535980,-934880108,36761.99,0,2391.2,68,0,0
1040071921,-1534769,-934880087,36773.15,3.676,2388,66,0,0
1040071924,-1532558,-934880163,36793.66,7.129,2387.4,68,0,0
1040071928,-1528387,-934880614,36832.54,9.956,2387.2,69,0,0
1040071932,-1523759,-934881300,36875.92,10.796,2388,72,0,0
1040071934,-1521419,-934881703,36897.93,10.525,2388.8,74,0,0
1040071938,-1516691,-934882368,36942.19,10.805,2389.8,77,0,0
1040071941,-1513407,-934882588,36972.69,10.021,2390.2,76,0,0
1040071944,-1509978,-934882752,37004.51,10.637,2390.4,76,0,0
1040071949,-1504351,-934883009,37056.75,9.667,2390,74,0,0
1040071951,-1502673,-934883352,37072.64,8.23,2389.8,71,0,0
1040071952,-1502039,-934883642,37079.11,6.811,2389.8,70,0,0
1040071956,-1500197,-934884538,37098.15,4.563,2389.4,69,0,0
1040071958,-1498871,-934884963,37111.07,6.513,2389.4,69,0,0
1040071960,-1497789,-934885127,37121.21,5.029,2389.2,69,0,0
1040071964,-1496784,-934885164,37130.51,1.81,2389,69,0,0
1040071969,-1494997,-934885269,37147.12,4.124,2389.6,68,0,0
1040071973,-1492596,-934886109,37170.75,6.783,2390.2,67,0,0
1040071976,-1490816,-934887109,37189.73,6.214,2391.4,68,0,0
1040071977,-1490662,-934887326,37192.16,4.796,2392,68,0,0
1040071978,-1490585,-934887300,37192.75,1.614,2392.4,68,0,0
1040071979,-1490501,-934887098,37194.72,1.614,2393,69,0,0
1040072007,-1484999,-934893733,37258.07,2.37,2391.4,67,0,0
1040072008,-1484855,-934893854,37259.22,2.053,2392.8,67,0,0
1040072012,-1484990,-934894248,37263.38,1.68,2392.6,66,0,0
1040072014,-1485347,-934894351,37266.74,1.894,2392.8,66,0,0
1040072018,-1486172,-934894270,37274.68,1.894,2392.8,65,0,0
1040072020,-1486418,-934894049,37277.88,1.857,2392.8,65,0,0
1040072026,-1486337,-934892282,37294.4,3.247,2393,65,0,0
1040072031,-1486281,-934890532,37310.5,3.676,2391.4,66,0,0
1040072083,-1477573,-934894802,37355.15,2.734,2389.6,63,0,0
1040072084,-1477581,-934895211,37358.95,1.866,2391,63,0,0
1040072088,-1477185,-934894608,37358.95,0,2388.2,63,0,0
1040072093,-1476634,-934894754,37363.4,1.68,2387.2,63,0,0
1040072094,-1476388,-934894824,37365.74,2.183,2387.4,63,0,0
1040072099,-1475340,-934894756,37376.13,1.745,2388.2,66,0,0
1040072100,-1475218,-934894586,37378.06,1.81,2388.4,66,0,0
1040072105,-1475036,-934892997,37392.99,3.294,2389.2,69,0,0
1040072114,-1474998,-934890343,37417.76,2.193,2389.8,69,0,0
1040072121,-1474832,-934889207,37428.63,1.661,2391.8,69,0,0
1040072127,-1473581,-934888984,37441.4,2.715,2395.6,69,0,0
1040072132,-1472613,-934890096,37455.7,2.865,2396.8,69,0,0
1040072140,-1472736,-934892855,37481.54,3.051,2396.2,69,0,0
1040072148,-1472919,-934894871,37500.45,2.491,2396.2,67,0,0
1040072150,-1473142,-934895358,37505.52,2.426,2396.4,66,0,0
1040072152,-1473583,-934895523,37509.94,2.398,2396.4,66,0,0
1040072159,-1475874,-934895498,37531.2,4.292,2394,66,0,0
1040072168,-1479849,-934895216,37568.12,4.012,2392.2,68,0,0
1040072177,-1483470,-934895018,37601.72,3.63,2390,67,0,0
1040072187,-1487787,-934894713,37641.81,3.788,2388,64,0,0
1040072190,-1489165,-934894701,37654.58,4.096,2387.4,64,0,0
1040072198,-1492122,-934894441,37682.09,2.715,2386.6,64,0,0
1040072204,-1494199,-934894443,37701.47,2.967,2386.6,65,0,0
1040072208,-1494604,-934894506,37705.26,0,2387.2,65,0,0
1040072214,-1494416,-934894399,37708.85,0.737,2387.6,65,0,0
1040072215,-1494617,-934894303,37710.92,1.521,2387.6,66,0,0
1040072218,-1495144,-934893636,37719.01,2.902,2387.6,66,0,0
1040072223,-1495191,-934891704,37737.05,3.611,2387.6,67,0,0
1040072227,-1495115,-934890227,37750.85,3.434,2388,70,0,0
1040072231,-1495077,-934888781,37764.34,3.434,2388.4,69,0,0
1040072239,-1494804,-934886562,37785.2,1.512,2389,68,0,0
1040072245,-1494570,-934886305,37788.15,0,2389.6,69,0,0
1040072248,-1494287,-934886143,37791.18,1.129,2389.8,69,0,0
1040072251,-1493642,-934886193,37797.27,2.202,2389.6,69,0,0
1040072255,-1492939,-934886435,37804.2,1.381,2389.4,69,0,0
1040072257,-1492822,-934886740,37807.26,1.652,2389.4,68,0,0
1040072263,-1492934,-934888459,37823.35,3.648,2389.6,69,0,0
1040072267,-1493071,-934890065,37838.4,3.163,2389.2,72,0,0
1040072269,-1493102,-934890415,37841.67,1.847,2388.4,73,0,0
1040072274,-1493097,-934890640,37843.86,0,2387,71,0,0
1040072278,-1493007,-934890903,37846.53,0.588,2386.4,68,0,0
1040072283,-1493084,-934891187,37849.2,0.513,2386.4,68,0,0
1040072286,-1493104,-934891304,37850.31,0,2386.6,71,0,0
1040072292,-1493055,-934891214,37850.31,0,2386.8,71,0,0
1040072301,-1493055,-934891214,37850.31,0,2386.8,74,0,0
1040072316,-1493069,-934891353,37851.6,0,2387.2,77,77,0.5
1040072321,-1493483,-934891721,37856.58,0,2388,76,0,0
1040072326,-1493712,-934892000,37857.32,0,2391,75,0,0
1040072329,-1493759,-934892090,37858.58,0,2392,74,0,0
