id_point,id_route,id_road,id_segment,latitude,longitude,speed
P0001,RT01,AGR,S001,-0.29755,-78.46091,70
P0002,RT01,AGR,S001,-0.29719,-78.4612,70
P0003,RT01,AGR,S001,-0.29655,-78.46152,70
P0004,RT01,AGR,S001,-0.29605,-78.46169,70
P0005,RT01,AGR,S001,-0.29447,-78.46261,70
P0006,RT01,AGR,S001,-0.29299,-78.46358,70
P0007,RT01,AGR,S001,-0.29174,-78.46438,70
P0008,RT01,AGR,S001,-0.29065,-78.46514,70
P0009,RT01,AGR,S002,-0.29022,-78.46544,90
P0010,RT01,AGR,S002,-0.28947,-78.46593,90
P0011,RT01,AGR,S002,-0.28848,-78.46658,90
P0012,RT01,AGR,S002,-0.28703,-78.46755,90
P0013,RT01,AGR,S002,-0.28538,-78.46864,90
P0014,RT01,AGR,S002,-0.28388,-78.46962,90
P0015,RT01,AGR,S002,-0.2826,-78.47044,90
P0016,RT01,AGR,S003,-0.28166,-78.47105,70
P0017,RT01,AGR,S003,-0.28077,-78.47178,70
P0018,RT01,AGR,S003,-0.27999,-78.47296,70
P0019,RT01,AGR,S004,-0.27951,-78.47456,90
P0020,RT01,AGR,S004,-0.27924,-78.47694,90
P0021,RT01,AGR,S004,-0.27889,-78.47921,90
P0022,RT01,AGR,S005,-0.27837,-78.48127,90
P0023,RT01,AGR,S005,-0.27761,-78.48367,90
P0024,RT01,AGR,S005,-0.27687,-78.48597,90
P0025,RT01,AGR,S006,-0.27611,-78.4883,70
P0026,RT01,AGR,S006,-0.27462,-78.49009,70
P0027,RT01,AGR,S006,-0.27239,-78.49031,70
P0028,RT01,AGR,S007,-0.27093,-78.48937,90
P0029,RT01,AGR,S007,-0.27045,-78.48869,90
P0030,RT01,AGR,S007,-0.26995,-78.48797,90
P0031,RT01,AGR,S008,-0.26962,-78.48753,70
P0032,RT01,AGR,S008,-0.26845,-78.48669,70
P0033,RT01,AGR,S008,-0.26706,-78.48648,70
P0034,RT01,AGR,S009,-0.26585,-78.48679,90
P0035,RT01,AGR,S009,-0.26472,-78.4874,90
P0036,RT01,AGR,S010,-0.26351,-78.48798,70
P0037,RT01,AGR,S010,-0.26212,-78.48826,70
P0038,RT01,AGR,S010,-0.26054,-78.48787,70
P0039,RT01,AGR,S011,-0.25961,-78.48721,90
P0040,RT01,AGR,S011,-0.25848,-78.48611,90
P0041,RT01,AGR,S011,-0.2572,-78.48505,90
P0042,RT01,AGR,S012,-0.25585,-78.48437,90
P0043,RT01,AGR,S012,-0.25474,-78.48391,90
P0044,RT01,AGR,S012,-0.25351,-78.48341,90
P0045,RT01,AGR,S013,-0.25224,-78.48292,70
P0046,RT01,AGR,S013,-0.25122,-78.48273,70
P0047,RT01,AGR,S013,-0.24996,-78.48282,70
P0048,RT01,AGR,S014,-0.24869,-78.48331,90
P0049,RT01,AGR,S014,-0.24691,-78.4843,90
P0050,RT01,AGR,S015,-0.24518,-78.48492,90
P0051,RT01,AGR,S015,-0.24393,-78.48515,90
P0052,RT01,AGR,S015,-0.24281,-78.48542,90
P0053,RT01,AGR,S016,-0.24169,-78.48561,90
P0054,RT01,AGR,S016,-0.24028,-78.48535,90
P0055,RT01,AGR,S017,-0.23902,-78.48485,90
P0056,RT01,AGR,S017,-0.23796,-78.48452,90
P0057,RT01,AGR,S017,-0.23649,-78.48426,90
P0058,RT01,AGR,S018,-0.23539,-78.48421,90
P0059,RT01,AGR,S018,-0.23396,-78.48429,90
P0060,RT01,AGR,S018,-0.23204,-78.48441,90
P0061,RT01,AGR,S019,-0.23038,-78.48455,70
P0062,RT01,AGR,S019,-0.22925,-78.485,70
P0063,RT01,AGR,S020,-0.22834,-78.48581,90
P0064,RT01,AGR,S020,-0.22773,-78.48667,90
P0065,RT01,AGR,S020,-0.22709,-78.48758,90
P0066,RT01,AGR,S021,-0.2267,-78.48815,70
P0067,RT01,AGR,S021,-0.2265,-78.48982,70
P0068,RT01,AGR,S021,-0.22719,-78.49134,70
P0069,RT01,AGR,S021,-0.2271,-78.49302,70
P0070,RT01,AGR,S022,-0.22739,-78.49422,90
P0071,RT01,AGR,S022,-0.22806,-78.49507,90
P0072,RT01,AGR,S022,-0.22923,-78.4965,90
P0073,RT01,AGR,S023,-0.22974,-78.4974,90
P0074,RT01,AGR,S023,-0.23048,-78.49829,90
P0075,RT01,AGR,S023,-0.23182,-78.49994,90
P0076,RT01,AGR,S023,-0.23261,-78.5013,90
P0077,RT01,AVI,S024,-0.2331,-78.5022,50
P0078,RT01,AVI,S024,-0.23286,-78.50299,50
P0079,RT01,AVI,S025,-0.23224,-78.50294,70
P0080,RT01,AVI,S025,-0.23196,-78.50272,70
P0081,RT01,AVI,S025,-0.23146,-78.50236,70
P0082,RT01,AVI,S025,-0.2309,-78.50196,70
P0083,RT01,AVI,S025,-0.23038,-78.50157,70
P0084,RT01,AVI,S025,-0.22994,-78.50105,70
P0085,RT01,AVI,S025,-0.22943,-78.50077,70
P0086,RT01,AVI,S026,-0.22896,-78.5007,70
P0087,RT01,AVI,S026,-0.22865,-78.50063,70
P0088,RT01,AVI,S026,-0.22813,-78.50052,70
P0089,RT01,AVI,S026,-0.22762,-78.50023,70
P0090,RT01,AVI,S026,-0.22706,-78.49963,70
P0091,RT01,AVI,S026,-0.22667,-78.499,70
P0092,RT01,AVI,S026,-0.22634,-78.49832,70
P0093,RT01,AVI,S026,-0.22584,-78.4977,70
P0094,RT01,AVI,S026,-0.22534,-78.49736,70
P0095,RT01,AVI,S026,-0.22494,-78.49711,70
P0096,RT01,AVI,S027,-0.22479,-78.49702,70
P0097,RT01,AVI,S027,-0.22444,-78.49683,70
P0098,RT01,AVI,S027,-0.22409,-78.49662,70
P0099,RT01,AVI,S027,-0.22353,-78.49626,70
P0100,RT01,AVI,S027,-0.22301,-78.49595,70
P0101,RT01,AVI,S027,-0.22239,-78.49557,70
P0102,RT01,AVI,S027,-0.22189,-78.49535,70
P0103,RT01,AVI,S027,-0.22153,-78.49527,70
P0104,RT01,AVI,S027,-0.22108,-78.4952,70
P0105,RT01,AVI,S028,-0.2206,-78.49511,70
P0106,RT01,AVI,S028,-0.22006,-78.49488,70
P0107,RT01,AVI,S028,-0.21945,-78.4943,70
P0108,RT01,AVI,S028,-0.21913,-78.49368,70
P0109,RT01,AVI,S028,-0.2189,-78.49315,70
P0110,RT01,AVI,S028,-0.21862,-78.49262,70
P0111,RT01,AVI,S028,-0.21826,-78.492,70
P0112,RT01,AVI,S029,-0.21797,-78.49151,70
P0113,RT01,AVI,S029,-0.21735,-78.4912,70
P0114,RT01,AVI,S029,-0.21673,-78.49106,70
P0115,RT01,AVI,S029,-0.21604,-78.49092,70
P0116,RT01,AVI,S029,-0.21542,-78.49072,70
P0117,RT01,AVI,S029,-0.21496,-78.49043,70
P0118,RT01,AVI,S029,-0.21449,-78.4901,70
P0119,RT01,AVI,S029,-0.21403,-78.48974,70
P0120,RT01,AVI,S029,-0.2135,-78.48934,70
P0121,RT01,AVI,S029,-0.21309,-78.48891,70
P0122,RT01,DMQ,S030,-0.21309,-78.48892,50
P0123,RT01,DMQ,S030,-0.21305,-78.48859,50
P0124,RT01,DMQ,S030,-0.21281,-78.48837,50
P0125,RT01,DMQ,S031,-0.21252,-78.48894,50
P0126,RT01,DMQ,S031,-0.21268,-78.48959,70
P0127,RT01,DMQ,S031,-0.21264,-78.49021,70
P0128,RT01,DMQ,S031,-0.21258,-78.49072,70
P0129,RT01,DMQ,S031,-0.21252,-78.49125,70
P0130,RT01,DMQ,S031,-0.2124,-78.49174,70
P0131,RT01,DMQ,S031,-0.21212,-78.49214,70
P0132,RT01,DMQ,S031,-0.21182,-78.4925,70
P0133,RT01,DMQ,S031,-0.21154,-78.49282,70
P0134,RT01,DMQ,S031,-0.21116,-78.49322,70
P0135,RT01,DMQ,S031,-0.21087,-78.49347,70
P0136,RT01,DMQ,S031,-0.21047,-78.49363,70
P0137,RT01,DMQ,S032,-0.21003,-78.49396,70
P0138,RT01,DMQ,S032,-0.20976,-78.49426,70
P0139,RT01,DMQ,S032,-0.20944,-78.4946,70
P0140,RT01,DMQ,S032,-0.20921,-78.49488,70
P0141,RT01,DMQ,S032,-0.20893,-78.49519,70
P0142,RT01,DMQ,S033,-0.20853,-78.4953,70
P0143,RT01,DMQ,S033,-0.2082,-78.49492,70
P0144,RT01,DMQ,S033,-0.20782,-78.49451,70
P0145,RT01,DMQ,S033,-0.20726,-78.49387,70
P0146,RT01,DMQ,S033,-0.20663,-78.4932,70
P0147,RT01,DMQ,S033,-0.20606,-78.49261,70
P0148,RT01,DMQ,S033,-0.2056,-78.49198,70
P0149,RT01,DMQ,S033,-0.20488,-78.49078,70
P0150,RT01,DMQ,S033,-0.20445,-78.48996,70
P0151,RT01,DMQ,S033,-0.20401,-78.48912,70
P0152,RT01,DMQ,S033,-0.20366,-78.48843,70
P0153,RT01,DMQ,S033,-0.20328,-78.48768,70
P0154,RT01,DMQ,S033,-0.20297,-78.4872,70
P0155,RT01,DMQ,S033,-0.20255,-78.48677,70
P0156,RT01,DMQ,S034,-0.20222,-78.48649,70
P0157,RT01,DMQ,S034,-0.20121,-78.48564,70
P0158,RT01,DMQ,S034,-0.20035,-78.48517,70
P0159,RT01,DMQ,S034,-0.19924,-78.48452,70
P0160,RT01,DMQ,S034,-0.19809,-78.48396,70
P0161,RT01,DMQ,S034,-0.19728,-78.48355,70
P0162,RT01,DMQ,S034,-0.19627,-78.48303,70
P0163,RT01,DMQ,S034,-0.19503,-78.48243,70
P0164,RT01,DMQ,S034,-0.19405,-78.48196,70
P0165,RT01,DMQ,S034,-0.19335,-78.48165,70
P0166,RT01,DMQ,S034,-0.1926,-78.48133,70
P0167,RT01,DMQ,S035,-0.19188,-78.48108,70
P0168,RT01,DMQ,S035,-0.19122,-78.48087,70
P0169,RT01,DMQ,S035,-0.19069,-78.48094,70
P0170,RT01,DMQ,S035,-0.18987,-78.48086,70
P0171,RT01,DMQ,S035,-0.18923,-78.48047,70
P0172,RT01,DMQ,S035,-0.1887,-78.48022,70
P0173,RT01,DMQ,S035,-0.18798,-78.4799,70
P0174,RT01,DMQ,S035,-0.18707,-78.47953,70
P0175,RT01,DMQ,S035,-0.18619,-78.47932,70
P0176,RT01,DMQ,S035,-0.18529,-78.47915,70
P0177,RT01,DMQ,S035,-0.18435,-78.47899,70
P0178,RT01,DMQ,S035,-0.18366,-78.47889,70
P0179,RT01,DMQ,S035,-0.18295,-78.47881,70
P0180,RT01,DMQ,S035,-0.18231,-78.47871,70
P0181,RT01,DMQ,S035,-0.1816,-78.47859,70
P0182,RT01,DMQ,S035,-0.18058,-78.47846,70
P0183,RT01,DMQ,S035,-0.17991,-78.47837,70
P0184,RT01,DMQ,S035,-0.17915,-78.47825,70
P0185,RT01,DMQ,S036,-0.17848,-78.47814,70
P0186,RT01,DMQ,S036,-0.17767,-78.47795,70
P0187,RT01,DMQ,S036,-0.17701,-78.47782,70
P0188,RT01,DMQ,S036,-0.17604,-78.47759,70
P0189,RT01,DMQ,S036,-0.17534,-78.47738,70
P0190,RT01,DMQ,S036,-0.17473,-78.47722,70
P0191,RT01,DMQ,S036,-0.17402,-78.47704,70
P0192,RT01,DMQ,S036,-0.17326,-78.47686,70
P0193,RT01,DMQ,S036,-0.1726,-78.4767,70
P0194,RT01,DMQ,S036,-0.17183,-78.47647,70
P0195,RT01,DMQ,S036,-0.17112,-78.47626,70
P0196,RT01,DMQ,S036,-0.17009,-78.47617,70
P0197,RT01,DMQ,S036,-0.16891,-78.47616,70
P0198,RT01,DMQ,S036,-0.16789,-78.47595,70
P0199,RT01,DMQ,S036,-0.16699,-78.47577,70
P0200,RT01,DMQ,S036,-0.16605,-78.4756,70
P0201,RT01,DMQ,S036,-0.16535,-78.47545,70
P0202,RT01,DMQ,S036,-0.16455,-78.47529,70
P0203,RT01,DMQ,S037,-0.16393,-78.47518,70
P0204,RT01,DMQ,S037,-0.16277,-78.47549,70
P0205,RT01,DMQ,S037,-0.16186,-78.47598,70
P0206,RT01,DMQ,S037,-0.16107,-78.47641,70
P0207,RT01,DMQ,S037,-0.16017,-78.47691,70
P0208,RT01,DMQ,S037,-0.15951,-78.47723,70
P0209,RT01,DMQ,S037,-0.15871,-78.47725,70
P0210,RT01,DMQ,S037,-0.15752,-78.47713,70
P0211,RT01,DMQ,S037,-0.15668,-78.47703,70
P0212,RT01,DMQ,S037,-0.15587,-78.47696,70
P0213,RT01,DMQ,S038,-0.1551,-78.47689,70
P0214,RT01,DMQ,S038,-0.1537,-78.47681,70
P0215,RT01,DMQ,S038,-0.15265,-78.47656,70
P0216,RT01,DMQ,S038,-0.15184,-78.47636,70
P0217,RT01,DMQ,S038,-0.15073,-78.47607,70
P0218,RT01,DMQ,S038,-0.14987,-78.47584,70
P0219,RT01,DMQ,S038,-0.14842,-78.47547,70
P0220,RT01,DMQ,S038,-0.14724,-78.47517,70
P0221,RT01,DMQ,S038,-0.14653,-78.47497,70
P0222,RT01,DMQ,S038,-0.14584,-78.47482,70
P0223,RT01,DMQ,S038,-0.14517,-78.47471,70
P0224,RT01,DMQ,S038,-0.14404,-78.47456,70
P0225,RT01,DMQ,S038,-0.14307,-78.4744,70
P0226,RT01,DMQ,S038,-0.14207,-78.47422,70
P0227,RT01,DMQ,S038,-0.14107,-78.47407,70
P0228,RT01,DMQ,S038,-0.14009,-78.47385,70
P0229,RT01,DMQ,S038,-0.13923,-78.47364,70
P0230,RT01,DMQ,S038,-0.13803,-78.47338,70
P0231,RT01,DMQ,S039,-0.13687,-78.47347,70
P0232,RT01,DMQ,S039,-0.136,-78.47361,70
P0233,RT01,DMQ,S039,-0.135,-78.47383,70
P0234,RT01,DMQ,S039,-0.13417,-78.4742,70
P0235,RT01,DMQ,S039,-0.13329,-78.4746,70
P0236,RT01,DMQ,S039,-0.13207,-78.47515,70
P0237,RT01,DMQ,S039,-0.13103,-78.47579,70
P0238,RT01,DMQ,S039,-0.12986,-78.47626,70
P0239,RT01,DMQ,S039,-0.12886,-78.47665,70
P0240,RT01,DMQ,S039,-0.12799,-78.4771,70
P0241,RT01,DMQ,S039,-0.12722,-78.4775,70
P0242,RT01,DMQ,S039,-0.12624,-78.478,70
P0243,RT01,DMQ,S039,-0.12538,-78.47833,70
P0244,RT01,DMQ,S039,-0.12419,-78.47846,70
P0245,RT01,DMQ,S039,-0.12311,-78.47854,70
P0246,RT01,DMQ,S039,-0.12179,-78.47898,70
P0247,RT01,DMQ,S040,-0.12116,-78.47994,70
P0248,RT01,DMQ,S040,-0.12009,-78.47995,70
P0249,RT01,DMQ,S040,-0.11931,-78.47985,70
P0250,RT01,DMQ,S040,-0.11417,-78.47915,70
P0251,RT01,DMQ,S040,-0.10911,-78.47813,70
P0252,RT01,DMQ,S041,-0.10668,-78.47647,70
P0253,RT01,DMQ,S041,-0.1048,-78.47508,70
P0254,RT01,DMQ,S041,-0.10265,-78.47351,70
P0255,RT01,DMQ,S041,-0.10157,-78.47274,70
P0256,RT01,DMQ,S041,-0.10049,-78.47192,70
P0257,RT01,DMQ,S042,-0.10019,-78.47188,70
P0258,RT01,DMQ,S042,-0.10069,-78.47224,70
P0259,RT01,DMQ,S042,-0.10118,-78.47262,70
P0260,RT01,DMQ,S042,-0.10192,-78.47316,70
P0261,RT01,DMQ,S042,-0.1031,-78.474,70
P0262,RT01,DMQ,S042,-0.10422,-78.47483,70
P0263,RT01,DMQ,S042,-0.10554,-78.47583,70
P0264,RT01,DMQ,S042,-0.10737,-78.47714,70
P0265,RT01,DMQ,S042,-0.10847,-78.47798,70
P0266,RT01,DMQ,S042,-0.10997,-78.4787,70
P0267,RT01,DMQ,S042,-0.11167,-78.479,70
P0268,RT01,DMQ,S042,-0.11321,-78.47924,70
P0269,RT01,DMQ,S042,-0.11508,-78.47947,70
P0270,RT01,DMQ,S042,-0.11704,-78.47974,70
P0271,RT01,DMQ,S042,-0.1187,-78.47998,70
P0272,RT01,DMQ,S042,-0.12199,-78.48044,70
P0273,RT01,DMQ,S042,-0.12335,-78.48061,70
P0274,RT01,DMQ,S042,-0.12454,-78.48074,70
P0275,RT01,DMQ,S042,-0.12567,-78.48087,70
P0276,RT01,DMQ,S042,-0.12685,-78.48102,70
P0277,RT01,DMQ,S042,-0.12799,-78.48118,70
P0278,RT01,DMQ,S043,-0.12921,-78.48137,70
P0279,RT01,DMQ,S043,-0.13015,-78.48151,70
P0280,RT01,DMQ,S043,-0.13125,-78.48165,70
P0281,RT01,DMQ,S043,-0.13218,-78.48179,70
P0282,RT01,DMQ,S043,-0.13306,-78.4819,70
P0283,RT01,DMQ,S043,-0.13393,-78.482,70
P0284,RT01,DMQ,S043,-0.1349,-78.48212,70
P0285,RT01,DMQ,S043,-0.13591,-78.48226,70
P0286,RT01,DMQ,S043,-0.13714,-78.48243,70
P0287,RT01,DMQ,S043,-0.13844,-78.48264,70
P0288,RT01,DMQ,S044,-0.13946,-78.48277,70
P0289,RT01,DMQ,S044,-0.1403,-78.4829,70
P0290,RT01,DMQ,S044,-0.14112,-78.483,70
P0291,RT01,DMQ,S044,-0.14198,-78.48312,70
P0292,RT01,DMQ,S044,-0.14271,-78.48322,70
P0293,RT01,DMQ,S044,-0.14338,-78.48331,70
P0294,RT01,DMQ,S044,-0.14426,-78.48344,70
P0295,RT01,DMQ,S044,-0.14503,-78.48355,70
P0296,RT01,DMQ,S044,-0.14582,-78.48366,70
P0297,RT01,DMQ,S044,-0.1466,-78.48377,70
P0298,RT01,DMQ,S044,-0.14756,-78.4839,70
P0299,RT01,DMQ,S044,-0.14835,-78.48401,70
P0300,RT01,DMQ,S044,-0.14937,-78.48414,70
P0301,RT01,DMQ,S044,-0.15031,-78.48427,70
P0302,RT01,DMQ,S044,-0.15132,-78.48441,70
P0303,RT01,DMQ,S044,-0.1522,-78.48452,70
P0304,RT01,DMQ,S045,-0.15324,-78.48467,70
P0305,RT01,DMQ,S045,-0.15423,-78.48481,70
P0306,RT01,DMQ,S045,-0.1553,-78.48496,70
P0307,RT01,DMQ,S045,-0.15639,-78.48507,70
P0308,RT01,DMQ,S045,-0.15729,-78.48513,70
P0309,RT01,DMQ,S045,-0.15792,-78.48439,70
P0310,RT01,DMQ,S046,-0.15792,-78.48439,70
P0311,RT01,DMQ,S046,-0.15846,-78.48406,70
P0312,RT01,DMQ,S046,-0.15907,-78.48369,70
P0313,RT01,DMQ,S046,-0.15966,-78.48333,70
P0314,RT01,DMQ,S046,-0.16015,-78.48306,70
P0315,RT01,DMQ,S046,-0.16075,-78.483,70
P0316,RT01,DMQ,S046,-0.16113,-78.48307,70
P0317,RT01,DMQ,S046,-0.16149,-78.48313,70
P0318,RT01,DMQ,S046,-0.16178,-78.48317,70
P0319,RT01,DMQ,S046,-0.16209,-78.48321,70
P0320,RT01,DMQ,S046,-0.16234,-78.48325,70
P0321,RT01,DMQ,S046,-0.16261,-78.4833,70
P0322,RT01,DMQ,S046,-0.1629,-78.48334,70
P0323,RT01,DMQ,S046,-0.16326,-78.48341,70
P0324,RT01,DMQ,S046,-0.16361,-78.48348,70
P0325,RT01,DMQ,S046,-0.16411,-78.48359,70
P0326,RT01,DMQ,S046,-0.16454,-78.48368,70
P0327,RT01,DMQ,S046,-0.16499,-78.48376,70
P0328,RT01,DMQ,S046,-0.16545,-78.48384,70
P0329,RT01,DMQ,S046,-0.16589,-78.48391,70
P0330,RT01,DMQ,S046,-0.16639,-78.48398,70
P0331,RT01,DMQ,S046,-0.16693,-78.48407,70
P0332,RT01,DMQ,S046,-0.16749,-78.48417,70
P0333,RT01,DMQ,S046,-0.16808,-78.48428,70
P0334,RT01,DMQ,S046,-0.16855,-78.48436,70
P0335,RT01,DMQ,S047,-0.16911,-78.48446,70
P0336,RT01,DMQ,S047,-0.16984,-78.48459,70
P0337,RT01,DMQ,S047,-0.17049,-78.48469,70
P0338,RT01,DMQ,S047,-0.17111,-78.4848,70
P0339,RT01,DMQ,S047,-0.17181,-78.48491,70
P0340,RT01,DMQ,S047,-0.17254,-78.48505,70
P0341,RT01,DMQ,S047,-0.17312,-78.48516,70
P0342,RT01,DMQ,S047,-0.17386,-78.4853,70
P0343,RT01,DMQ,S047,-0.17452,-78.48541,70
P0344,RT01,DMQ,S048,-0.17532,-78.48554,70
P0345,RT01,DMQ,S048,-0.17693,-78.48585,70
P0346,RT01,DMQ,S048,-0.17798,-78.48603,70
P0347,RT01,DMQ,S048,-0.17869,-78.48615,70
P0348,RT01,DMQ,S048,-0.1793,-78.4863,70
P0349,RT01,DMQ,S048,-0.18036,-78.48646,70
P0350,RT01,DMQ,S048,-0.18127,-78.48661,70
P0351,RT01,DMQ,S048,-0.18238,-78.4868,70
P0352,RT01,DMQ,S048,-0.18342,-78.48696,70
P0353,RT01,DMQ,S048,-0.18426,-78.48711,70
P0354,RT01,DMQ,S048,-0.18524,-78.4873,70
P0355,RT01,DMQ,S048,-0.186,-78.48744,70
P0356,RT01,DMQ,S049,-0.18705,-78.4876,70
P0357,RT01,DMQ,S049,-0.18781,-78.48774,70
P0358,RT01,DMQ,S049,-0.18836,-78.4878,70
P0359,RT01,DMQ,S049,-0.18889,-78.48794,70
P0360,RT01,DMQ,S049,-0.18939,-78.48804,70
P0361,RT01,DMQ,S049,-0.1899,-78.48813,70
P0362,RT01,DMQ,S049,-0.19045,-78.48822,70
P0363,RT01,DMQ,S049,-0.19128,-78.48837,70
P0364,RT01,DMQ,S050,-0.19211,-78.48851,70
P0365,RT01,DMQ,S050,-0.19295,-78.48853,70
P0366,RT01,DMQ,S050,-0.19379,-78.48852,70
P0367,RT01,DMQ,S050,-0.19449,-78.48855,70
P0368,RT01,DMQ,S050,-0.19529,-78.48881,70
P0369,RT01,DMQ,S050,-0.19599,-78.48916,70
P0370,RT01,DMQ,S051,-0.19677,-78.4896,70
P0371,RT01,DMQ,S051,-0.19741,-78.48991,70
P0372,RT01,DMQ,S051,-0.19792,-78.49008,70
P0373,RT01,DMQ,S051,-0.19851,-78.49035,70
P0374,RT01,DMQ,S051,-0.19902,-78.49057,70
P0375,RT01,DMQ,S051,-0.19962,-78.49078,70
P0376,RT01,DMQ,S052,-0.20014,-78.49098,70
P0377,RT01,DMQ,S052,-0.20052,-78.49112,70
P0378,RT01,DMQ,S052,-0.20086,-78.49128,70
P0379,RT01,DMQ,S052,-0.20117,-78.49165,70
P0380,RT01,DMQ,S052,-0.20139,-78.49202,70
P0381,RT01,DMQ,S052,-0.2016,-78.49241,70
P0382,RT01,DMQ,S052,-0.20184,-78.49282,70
P0383,RT01,DMQ,S052,-0.20206,-78.49321,70
P0384,RT01,DMQ,S052,-0.20226,-78.49358,70
P0385,RT01,DMQ,S053,-0.20248,-78.49399,70
P0386,RT01,DMQ,S053,-0.20283,-78.49426,70
P0387,RT01,DMQ,S053,-0.2032,-78.49447,70
P0388,RT01,DMQ,S053,-0.20351,-78.49465,70
P0389,RT01,DMQ,S053,-0.20387,-78.49485,70
P0390,RT01,DMQ,S053,-0.20428,-78.49509,70
P0391,RT01,DMQ,S053,-0.20465,-78.49529,70
P0392,RT01,DMQ,S053,-0.20498,-78.49547,70
P0393,RT01,DMQ,S054,-0.2053,-78.49565,70
P0394,RT01,DMQ,S054,-0.20559,-78.49583,70
P0395,RT01,DMQ,S054,-0.2059,-78.49602,70
P0396,RT01,DMQ,S054,-0.2062,-78.49621,70
P0397,RT01,DMQ,S054,-0.20651,-78.49638,70
P0398,RT01,DMQ,S054,-0.20684,-78.49657,70
P0399,RT01,DMQ,S054,-0.20724,-78.49681,70
P0400,RT01,DMQ,S055,-0.20767,-78.49708,70
P0401,RT01,DMQ,S055,-0.20796,-78.49701,70
P0402,RT01,DMQ,S055,-0.2082,-78.49659,70
P0403,RT01,DMQ,S055,-0.20847,-78.49612,70
P0404,RT01,DMQ,S056,-0.2087,-78.49575,70
P0405,RT01,DMQ,S056,-0.2089,-78.49541,70
P0406,RT01,DMQ,S056,-0.20917,-78.49509,70
P0407,RT01,DMQ,S056,-0.20942,-78.49481,70
P0408,RT01,DMQ,S057,-0.20969,-78.49451,70
P0409,RT01,DMQ,S057,-0.20999,-78.49424,70
P0410,RT01,DMQ,S057,-0.21046,-78.49414,70
P0411,RT01,DMQ,S057,-0.2108,-78.49391,70
P0412,RT01,DMQ,S057,-0.2111,-78.49372,70
P0413,RT01,DMQ,S057,-0.21136,-78.49354,70
P0414,RT01,DMQ,S058,-0.2116,-78.49338,70
P0415,RT01,DMQ,S058,-0.21188,-78.49321,70
P0416,RT01,DMQ,S058,-0.21223,-78.49298,70
P0417,RT01,DMQ,S058,-0.21245,-78.49272,70
P0418,RT01,DMQ,S058,-0.21265,-78.49246,70
P0419,RT01,DMQ,S059,-0.21286,-78.49219,70
P0420,RT01,DMQ,S059,-0.21307,-78.49198,70
P0421,RT01,DMQ,S059,-0.21335,-78.49174,70
P0422,RT01,DMQ,S059,-0.21358,-78.49155,70
P0423,RT01,DMQ,S059,-0.21385,-78.49136,70
P0424,RT01,DMQ,S059,-0.21418,-78.49123,70
P0425,RT01,DMQ,S059,-0.21453,-78.49115,70
P0426,RT01,DMQ,S059,-0.21485,-78.49106,70
P0427,RT01,AVI,S060,-0.2152,-78.49094,70
P0428,RT01,AVI,S060,-0.21578,-78.49091,70
P0429,RT01,AVI,S060,-0.21647,-78.49107,70
P0430,RT01,AVI,S060,-0.21706,-78.49119,70
P0431,RT01,AVI,S061,-0.21767,-78.49135,70
P0432,RT01,AVI,S061,-0.21806,-78.49183,70
P0433,RT01,AVI,S061,-0.21842,-78.49247,70
P0434,RT01,AVI,S061,-0.21874,-78.49304,70
P0435,RT01,AVI,S062,-0.21896,-78.4935,70
P0436,RT01,AVI,S062,-0.21919,-78.49403,70
P0437,RT01,AVI,S062,-0.21977,-78.49477,70
P0438,RT01,AVI,S062,-0.22093,-78.49528,70
P0439,RT01,AVI,S062,-0.22213,-78.49553,70
P0440,RT01,AVI,S062,-0.22256,-78.49576,70
P0441,RT01,AVI,S063,-0.22278,-78.4959,70
P0442,RT01,AVI,S063,-0.22321,-78.49617,70
P0443,RT01,AVI,S063,-0.22379,-78.49653,70
P0444,RT01,AVI,S063,-0.22453,-78.49698,70
P0445,RT01,AVI,S063,-0.22509,-78.4973,70
P0446,RT01,AVI,S063,-0.22556,-78.4976,70
P0447,RT01,AVI,S063,-0.22604,-78.49801,70
P0448,RT01,AVI,S064,-0.22622,-78.49823,70
P0449,RT01,AVI,S064,-0.22647,-78.49872,70
P0450,RT01,AVI,S064,-0.22679,-78.4994,70
P0451,RT01,AVI,S064,-0.22717,-78.49989,70
P0452,RT01,AVI,S065,-0.22743,-78.50016,70
P0453,RT01,AVI,S065,-0.22778,-78.50048,70
P0454,RT01,AVI,S065,-0.22839,-78.50067,70
P0455,RT01,AVI,S065,-0.22915,-78.5008,70
P0456,RT01,AVI,S065,-0.22973,-78.50097,70
P0457,RT01,AVI,S066,-0.23011,-78.5014,70
P0458,RT01,AVI,S066,-0.23057,-78.50184,70
P0459,RT01,AVI,S066,-0.23116,-78.50228,70
P0460,RT01,AVI,S066,-0.23168,-78.50268,70
P0461,RT01,AGR,S067,-0.23214,-78.50301,50
P0462,RT01,AGR,S067,-0.23261,-78.50388,50
P0463,RT01,AGR,S067,-0.23207,-78.50405,50
P0464,RT01,AGR,S067,-0.2328,-78.50375,50
P0465,RT01,AGR,S067,-0.23355,-78.50293,50
P0466,RT01,AGR,S068,-0.23332,-78.5024,90
P0467,RT01,AGR,S068,-0.23237,-78.50069,90
P0468,RT01,AGR,S068,-0.2315,-78.49927,90
P0469,RT01,AGR,S068,-0.23093,-78.49861,90
P0470,RT01,AGR,S069,-0.22983,-78.49735,90
P0471,RT01,AGR,S069,-0.22937,-78.49657,90
P0472,RT01,AGR,S069,-0.22856,-78.49551,90
P0473,RT01,AGR,S069,-0.22788,-78.49466,90
P0474,RT01,AGR,S070,-0.22749,-78.49415,70
P0475,RT01,AGR,S070,-0.22729,-78.49242,70
P0476,RT01,AGR,S070,-0.22701,-78.49063,70
P0477,RT01,AGR,S070,-0.22651,-78.48931,70
P0478,RT01,AGR,S071,-0.22679,-78.48822,90
P0479,RT01,AGR,S071,-0.22737,-78.48738,90
P0480,RT01,AGR,S071,-0.22803,-78.48646,90
P0481,RT01,AGR,S072,-0.22842,-78.48588,70
P0482,RT01,AGR,S072,-0.22892,-78.48538,70
P0483,RT01,AGR,S072,-0.22976,-78.48485,70
P0484,RT01,AGR,S073,-0.23039,-78.48466,90
P0485,RT01,AGR,S073,-0.23145,-78.48457,90
P0486,RT01,AGR,S073,-0.23313,-78.48448,90
P0487,RT01,AGR,S073,-0.23437,-78.48442,90
P0488,RT01,AGR,S074,-0.23537,-78.48434,90
P0489,RT01,AGR,S074,-0.23703,-78.48446,90
P0490,RT01,AGR,S074,-0.23836,-78.48478,90
P0491,RT01,AGR,S075,-0.23897,-78.48499,90
P0492,RT01,AGR,S075,-0.23972,-78.48526,90
P0493,RT01,AGR,S075,-0.24082,-78.48563,90
P0494,RT01,AGR,S076,-0.24168,-78.4858,90
P0495,RT01,AGR,S076,-0.24242,-78.48575,90
P0496,RT01,AGR,S076,-0.2434,-78.48559,90
P0497,RT01,AGR,S076,-0.24447,-78.48527,90
P0498,RT01,AGR,S077,-0.24522,-78.48505,90
P0499,RT01,AGR,S077,-0.24636,-78.48465,90
P0500,RT01,AGR,S077,-0.24738,-78.48415,90
P0501,RT01,AGR,S077,-0.24799,-78.48381,90
P0502,RT01,AGR,S078,-0.24873,-78.48341,70
P0503,RT01,AGR,S078,-0.24937,-78.48312,70
P0504,RT01,AGR,S078,-0.25071,-78.48285,70
P0505,RT01,AGR,S078,-0.25167,-78.4829,70
P0506,RT01,AGR,S079,-0.25222,-78.48304,90
P0507,RT01,AGR,S079,-0.25286,-78.48328,90
P0508,RT01,AGR,S079,-0.25404,-78.48375,90
P0509,RT01,AGR,S079,-0.25514,-78.4842,90
P0510,RT01,AGR,S080,-0.25581,-78.48447,90
P0511,RT01,AGR,S080,-0.25643,-78.48475,90
P0512,RT01,AGR,S080,-0.25768,-78.48553,90
P0513,RT01,AGR,S080,-0.25897,-78.48675,90
P0514,RT01,AGR,S081,-0.25952,-78.4873,70
P0515,RT01,AGR,S081,-0.25995,-78.48767,70
P0516,RT01,AGR,S081,-0.26114,-78.48824,70
P0517,RT01,AGR,S081,-0.26273,-78.48834,70
P0518,RT01,AGR,S082,-0.26355,-78.48809,90
P0519,RT01,AGR,S082,-0.26417,-78.48782,90
P0520,RT01,AGR,S082,-0.26529,-78.48724,90
P0521,RT01,AGR,S083,-0.26591,-78.48694,70
P0522,RT01,AGR,S083,-0.26652,-78.4867,70
P0523,RT01,AGR,S083,-0.2678,-78.48665,70
P0524,RT01,AGR,S083,-0.26888,-78.48705,70
P0525,RT01,AGR,S084,-0.26953,-78.4876,90
P0526,RT01,AGR,S084,-0.27009,-78.48835,90
P0527,RT01,AGR,S084,-0.27054,-78.48902,90
P0528,RT01,AGR,S085,-0.27084,-78.48943,70
P0529,RT01,AGR,S085,-0.27145,-78.48997,70
P0530,RT01,AGR,S085,-0.27328,-78.49055,70
P0531,RT01,AGR,S085,-0.27565,-78.48944,70
P0532,RT01,AGR,S086,-0.27625,-78.48834,90
P0533,RT01,AGR,S086,-0.27667,-78.48708,90
P0534,RT01,AGR,S086,-0.27732,-78.48507,90
P0535,RT01,AGR,S086,-0.27811,-78.48255,90
P0536,RT01,AGR,S087,-0.27851,-78.48131,90
P0537,RT01,AGR,S087,-0.27876,-78.4805,90
P0538,RT01,AGR,S087,-0.2792,-78.47814,90
P0539,RT01,AGR,S087,-0.27954,-78.47542,90
P0540,RT01,AGR,S088,-0.27964,-78.47458,70
P0541,RT01,AGR,S088,-0.27978,-78.47379,70
P0542,RT01,AGR,S088,-0.28035,-78.47253,70
P0543,RT01,AGR,S088,-0.28115,-78.4716,70
P0544,RT01,AGR,S089,-0.28173,-78.47117,90
P0545,RT01,AGR,S089,-0.28227,-78.47082,90
P0546,RT01,AGR,S089,-0.28335,-78.47012,90
P0547,RT01,AGR,S089,-0.2843,-78.4695,90
P0548,RT01,AGR,S089,-0.28629,-78.46818,90
P0549,RT01,AGR,S089,-0.2876,-78.4673,90
P0550,RT01,AGR,S089,-0.28893,-78.46642,90
P0551,RT01,AGR,S090,-0.29028,-78.46552,70
P0552,RT01,AGR,S090,-0.29094,-78.46512,70
P0553,RT01,AGR,S090,-0.29222,-78.46425,70
P0554,RT01,AGR,S090,-0.29397,-78.46304,70
P0555,RT01,AGR,S090,-0.29524,-78.46221,70
P0556,RT01,AGR,S090,-0.29686,-78.46149,70
P0557,RT01,AGR,S090,-0.2975957,-78.460974,70
P0558,RT02,ASB,S091,-0.23945,-78.48496,70
P0559,RT02,ASB,S091,-0.23875,-78.48385,70
P0560,RT02,ASB,S091,-0.23974,-78.48293,70
P0561,RT02,ASB,S091,-0.24136,-78.48299,70
P0562,RT02,ASB,S091,-0.24315,-78.48256,70
P0563,RT02,ASB,S092,-0.2451517,-78.482036,80
P0564,RT02,ASB,S092,-0.24716,-78.48046,80
P0565,RT02,ASB,S092,-0.24693,-78.47743,80
P0566,RT02,ASB,S093,-0.24625,-78.4765794,90
P0567,RT02,ASB,S093,-0.24435,-78.47575,90
P0568,RT02,ASB,S093,-0.24202,-78.47433,90
P0569,RT02,ASB,S094,-0.2404623,-78.4740411,80
P0570,RT02,ASB,S094,-0.23939,-78.47365,80
P0571,RT02,ASB,S094,-0.23713,-78.47312,80
P0572,RT02,ASB,S095,-0.2361545,-78.4729807,70
P0573,RT02,ASB,S095,-0.23545,-78.47184,70
P0574,RT02,ASB,S095,-0.2347,-78.47095,70
P0575,RT02,ASB,S096,-0.2329449,-78.4711955,90
P0576,RT02,ASB,S096,-0.23193,-78.4708,90
P0577,RT02,ASB,S097,-0.2304129,-78.4698539,80
P0578,RT02,ASB,S097,-0.22942,-78.46914,80
P0579,RT02,ASB,S098,-0.2269675,-78.4691956,90
P0580,RT02,ASB,S098,-0.22592,-78.46907,90
P0581,RT02,ASB,S098,-0.22318,-78.4682,90
P0582,RT02,ASB,S098,-0.22047,-78.46704,90
P0583,RT02,ASB,S098,-0.21767,-78.46613,90
P0584,RT02,ASB,S099,-0.2167598,-78.4656737,90
P0585,RT02,ASB,S099,-0.21539,-78.46449,90
P0586,RT02,ASB,S100,-0.2127216,-78.463612,90
P0587,RT02,ASB,S100,-0.2118,-78.4628,90
P0588,RT02,ASB,S101,-0.2114627,-78.4625328,90
P0589,RT02,ASB,S101,-0.21006,-78.46203,90
P0590,RT02,ASB,S101,-0.20665,-78.46084,90
P0591,RT02,ASB,S102,-0.2057125,-78.4603633,90
P0592,RT02,ASB,S102,-0.20392,-78.4593,90
P0593,RT02,ASB,S103,-0.2032219,-78.4585558,60
P0594,RT02,ASB,S103,-0.20217,-78.45746,60
P0595,RT02,ASB,S103,-0.20021,-78.45669,60
P0596,RT02,ASB,S104,-0.1993428,-78.4582266,60
P0597,RT02,ASB,S104,-0.19887,-78.46005,60
P0598,RT02,ASB,S105,-0.1982826,-78.4607021,90
P0599,RT02,ASB,S105,-0.19839,-78.46164,90
P0600,RT02,ASB,S106,-0.1984273,-78.4636659,90
P0601,RT02,ASB,S106,-0.1985,-78.46425,90
P0602,RT02,ASB,S107,-0.1986053,-78.4649117,50
P0603,RT02,ASB,S107,-0.19808,-78.46644,50
P0604,RT02,ASB,S108,-0.197297,-78.4666341,60
P0605,RT02,ASB,S108,-0.19612,-78.4667,60
P0606,RT02,ASB,S108,-0.19563,-78.4651,60
P0607,RT02,ASB,S109,-0.1954661,-78.4640558,70
P0608,RT02,ASB,S109,-0.19461,-78.46228,70
P0609,RT02,ASB,S109,-0.19399,-78.46052,70
P0610,RT02,ASB,S110,-0.1939235,-78.4597063,60
P0611,RT02,ASB,S110,-0.19328,-78.4591,60
P0612,RT02,ASB,S111,-0.191998,-78.4586679,60
P0613,RT02,ASB,S111,-0.19187,-78.45795,60
P0614,RT02,ASB,S112,-0.1920938,-78.4568272,70
P0615,RT02,ASB,S112,-0.19246,-78.45529,70
P0616,RT02,ASB,S112,-0.19209,-78.45418,70
P0617,RT02,ASB,S112,-0.19111,-78.45408,70
P0618,RT02,ASB,S112,-0.18882,-78.45425,70
P0619,RT02,ASB,S113,-0.187721,-78.4541203,70
P0620,RT02,ASB,S113,-0.18584,-78.45369,70
P0621,RT02,ASB,S113,-0.18511,-78.45273,70
P0622,RT02,ASB,S114,-0.1840148,-78.4510489,90
P0623,RT02,ASB,S114,-0.18248,-78.45095,90
P0624,RT02,ASB,S115,-0.1818496,-78.4511798,70
P0625,RT02,ASB,S115,-0.18123,-78.45135,70
P0626,RT02,ASB,S116,-0.1803306,-78.4521131,90
P0627,RT02,ASB,S116,-0.18029,-78.45276,90
P0628,RT02,ASB,S116,-0.18076,-78.45359,90
P0629,RT02,ASB,S117,-0.1810517,-78.4539199,50
P0630,RT02,ASB,S117,-0.18037,-78.45582,50
P0631,RT02,ASB,S118,-0.1790495,-78.4552214,90
P0632,RT02,ASB,S118,-0.1782,-78.45471,90
P0633,RT02,ASB,S118,-0.17549,-78.4538,90
P0634,RT02,ASB,S118,-0.17355,-78.45252,90
P0635,RT02,ASB,S119,-0.1727992,-78.4519398,90
P0636,RT02,ASB,S119,-0.17144,-78.45091,90
P0637,RT02,ASB,S119,-0.16996,-78.44987,90
P0638,RT02,ASB,S120,-0.1680343,-78.4485242,90
P0639,RT02,ASB,S120,-0.16533,-78.44766,90
P0640,RT02,ASB,S121,-0.1638468,-78.4479204,80
P0641,RT02,ASB,S121,-0.16262,-78.44794,80
P0642,RT02,ASB,S121,-0.16106,-78.44722,80
P0643,RT02,ASB,S122,-0.1604035,-78.4468269,80
P0644,RT02,ASB,S122,-0.15934,-78.44639,80
P0645,RT02,ASB,S122,-0.15785,-78.44635,80
P0646,RT02,ASB,S123,-0.1568174,-78.4463454,80
P0647,RT02,ASB,S123,-0.15576,-78.44634,80
P0648,RT02,ASB,S123,-0.15338,-78.44721,80
P0649,RT02,ASB,S124,-0.1525669,-78.4487715,90
P0650,RT02,ASB,S124,-0.15231,-78.44973,90
P0651,RT02,ASB,S125,-0.1519184,-78.4515052,90
P0652,RT02,ASB,S125,-0.15133,-78.45193,90
P0653,RT02,ASB,S126,-0.1504914,-78.4521661,90
P0654,RT02,ASB,S126,-0.14994,-78.45136,90
P0655,RT02,ASB,S127,-0.1498036,-78.4506823,80
P0656,RT02,ASB,S127,-0.14874,-78.44897,80
P0657,RT02,ASB,S128,-0.1480158,-78.4484159,70
P0658,RT02,ASB,S128,-0.14771,-78.4478,70
P0659,RT02,ASB,S129,-0.1476207,-78.447486,90
P0660,RT02,ASB,S129,-0.14697,-78.44616,90
P0661,RT02,ASB,S129,-0.14553,-78.44521,90
P0662,RT02,ASB,S130,-0.1446546,-78.4440756,90
P0663,RT02,ASB,S130,-0.14261,-78.44339,90
P0664,RT02,ASB,S130,-0.14092,-78.4442,90
P0665,RT02,ASB,S131,-0.1404484,-78.4446632,70
P0666,RT02,ASB,S131,-0.13996,-78.44524,70
P0667,RT02,ASB,S131,-0.13899,-78.4465,70
P0668,RT02,ASB,S131,-0.13719,-78.44722,70
P0669,RT02,ASB,S132,-0.136036,-78.4473868,70
P0670,RT02,ASB,S132,-0.13397,-78.44769,70
P0671,RT02,ASB,S132,-0.13116,-78.4481,70
P0672,RT02,ASB,S133,-0.1296348,-78.448287,80
P0673,RT02,ASB,S133,-0.12791,-78.44828,80
P0674,RT02,ASB,S134,-0.1236165,-78.447689,90
P0675,RT02,ASB,S134,-0.11995,-78.44917,90
P0676,RT02,ASB,S135,-0.1184042,-78.4508825,70
P0677,RT02,ASB,S135,-0.1164,-78.45327,70
P0678,RT02,ASB,S135,-0.11451,-78.45562,70
P0679,RT02,ASB,S135,-0.11325,-78.45675,70
P0680,RT02,ASB,S136,-0.1118426,-78.4573579,60
P0681,RT02,ASB,S136,-0.11184,-78.45735,60
P0682,RT02,ASB,S137,-0.1102504,-78.4579986,50
P0683,RT02,ASB,S137,-0.10903,-78.45806,50
P0684,RT02,ASB,S137,-0.10953,-78.45877,50
P0685,RT02,ASB,S138,-0.1103228,-78.458189,70
P0686,RT02,ASB,S138,-0.11106,-78.45788,70
P0687,RT02,ASB,S139,-0.1119342,-78.4574937,60
P0688,RT02,ASB,S139,-0.11529,-78.45485,60
P0689,RT02,ASB,S140,-0.1174005,-78.4522161,60
P0690,RT02,ASB,S140,-0.11792,-78.4516,60
P0691,RT02,ASB,S141,-0.1185014,-78.4509683,90
P0692,RT02,ASB,S141,-0.1214,-78.44807,90
P0693,RT02,ASB,S142,-0.1236175,-78.4477997,90
P0694,RT02,ASB,S142,-0.12517,-78.44801,90
P0695,RT02,ASB,S143,-0.126495,-78.448173,60
P0696,RT02,ASB,S143,-0.12726,-78.44831,60
P0697,RT02,ASB,S143,-0.12866,-78.44853,60
P0698,RT02,ASB,S144,-0.1296643,-78.4484318,90
P0699,RT02,ASB,S144,-0.13251,-78.44811,90
P0700,RT02,ASB,S145,-0.1351047,-78.4476464,70
P0701,RT02,ASB,S145,-0.1367,-78.44745,70
P0702,RT02,ASB,S145,-0.13834,-78.44709,70
P0703,RT02,ASB,S146,-0.1396184,-78.4459827,70
P0704,RT02,ASB,S146,-0.13993,-78.44554,70
P0705,RT02,ASB,S147,-0.1405557,-78.4447812,90
P0706,RT02,ASB,S147,-0.14168,-78.44374,90
P0707,RT02,ASB,S147,-0.14354,-78.44382,90
P0708,RT02,ASB,S148,-0.1445996,-78.4441976,90
P0709,RT02,ASB,S148,-0.14507,-78.44476,90
P0710,RT02,ASB,S148,-0.1462,-78.44586,90
P0711,RT02,ASB,S148,-0.14726,-78.44679,90
P0712,RT02,ASB,S149,-0.147504,-78.4475141,70
P0713,RT02,ASB,S149,-0.14772,-78.44819,70
P0714,RT02,ASB,S150,-0.1479252,-78.4484983,90
P0715,RT02,ASB,S150,-0.14918,-78.44942,90
P0716,RT02,ASB,S150,-0.14953,-78.45001,90
P0717,RT02,ASB,S150,-0.1499,-78.45173,90
P0718,RT02,ASB,S151,-0.1507878,-78.4524625,90
P0719,RT02,ASB,S151,-0.15157,-78.45197,90
P0720,RT02,ASB,S152,-0.1520619,-78.4515528,90
P0721,RT02,ASB,S152,-0.15227,-78.45062,90
P0722,RT02,ASB,S153,-0.1526822,-78.4488084,90
P0723,RT02,ASB,S153,-0.15434,-78.44667,90
P0724,RT02,ASB,S154,-0.1572749,-78.4464799,80
P0725,RT02,ASB,S154,-0.1586,-78.44648,80
P0726,RT02,ASB,S155,-0.1603465,-78.4469227,90
P0727,RT02,ASB,S155,-0.16167,-78.44772,90
P0728,RT02,ASB,S155,-0.16453,-78.44793,90
P0729,RT02,ASB,S155,-0.16671,-78.44792,90
P0730,RT02,ASB,S156,-0.1679565,-78.4486449,70
P0731,RT02,ASB,S156,-0.16909,-78.44943,70
P0732,RT02,ASB,S156,-0.17067,-78.45053,70
P0733,RT02,ASB,S156,-0.17227,-78.45174,70
P0734,RT02,ASB,S156,-0.17414,-78.45322,70
P0735,RT02,ASB,S157,-0.1760411,-78.4545978,60
P0736,RT02,ASB,S157,-0.17624,-78.45568,60
P0737,RT02,ASB,S158,-0.177109,-78.4549233,80
P0738,RT02,ASB,S158,-0.17808,-78.45501,80
P0739,RT02,ASB,S159,-0.1789098,-78.455355,70
P0740,RT02,ASB,S159,-0.17969,-78.45576,70
P0741,RT02,ASB,S159,-0.18152,-78.45518,70
P0742,RT02,ASB,S160,-0.1811684,-78.4538223,50
P0743,RT02,ASB,S160,-0.18058,-78.4531,50
P0744,RT02,ASB,S161,-0.1804849,-78.4521885,90
P0745,RT02,ASB,S161,-0.18164,-78.45142,90
P0746,RT02,ASB,S161,-0.18321,-78.45104,90
P0747,RT02,ASB,S162,-0.1839461,-78.4512226,90
P0748,RT02,ASB,S162,-0.18455,-78.45178,90
P0749,RT02,ASB,S163,-0.1852866,-78.4534425,70
P0750,RT02,ASB,S163,-0.18683,-78.45409,70
P0751,RT02,ASB,S164,-0.1877025,-78.4543107,90
P0752,RT02,ASB,S164,-0.18991,-78.45437,90
P0753,RT02,ASB,S164,-0.19186,-78.45435,90
P0754,RT02,ASB,S164,-0.19222,-78.45597,90
P0755,RT02,ASB,S165,-0.1919671,-78.456789,80
P0756,RT02,ASB,S165,-0.1918,-78.45743,80
P0757,RT02,ASB,S165,-0.19256,-78.45917,80
P0758,RT02,ASB,S165,-0.19356,-78.45941,80
P0759,RT02,ASB,S165,-0.19365,-78.46142,80
P0760,RT02,ASB,S166,-0.1953951,-78.4644825,60
P0761,RT02,ASB,S166,-0.19546,-78.46599,60
P0762,RT02,ASB,S166,-0.19678,-78.46693,60
P0763,RT02,ASB,S166,-0.19774,-78.46667,60
P0764,RT02,ASB,S166,-0.1988,-78.46584,60
P0765,RT02,ASB,S167,-0.1987553,-78.4649142,70
P0766,RT02,ASB,S167,-0.19855,-78.46261,70
P0767,RT02,ASB,S167,-0.19871,-78.46036,70
P0768,RT02,ASB,S167,-0.19946,-78.45895,70
P0769,RT02,ASB,S167,-0.1999,-78.45734,70
P0770,RT02,ASB,S167,-0.20125,-78.45675,70
P0771,RT02,ASB,S167,-0.20245,-78.45792,70
P0772,RT02,ASB,S168,-0.2031149,-78.4586418,80
P0773,RT02,ASB,S168,-0.20343,-78.45901,80
P0774,RT02,ASB,S168,-0.20466,-78.45998,80
P0775,RT02,ASB,S168,-0.20614,-78.46072,80
P0776,RT02,ASB,S168,-0.2074,-78.46131,80
P0777,RT02,ASB,S169,-0.20831,-78.46164,70
P0778,RT02,ASB,S169,-0.20917,-78.4619,70
P0779,RT02,ASB,S169,-0.2107,-78.46236,70
P0780,RT02,ASB,S170,-0.2113917,-78.4626545,90
P0781,RT02,ASB,S170,-0.21203,-78.46321,90
P0782,RT02,ASB,S171,-0.2126532,-78.4637378,90
P0783,RT02,ASB,S171,-0.21386,-78.46407,90
P0784,RT02,ASB,S172,-0.2166776,-78.4657786,90
P0785,RT02,ASB,S172,-0.21806,-78.46643,90
P0786,RT02,ASB,S173,-0.2188617,-78.4667181,80
P0787,RT02,ASB,S173,-0.22171,-78.46772,80
P0788,RT02,ASB,S173,-0.22464,-78.4689,80
P0789,RT02,ASB,S174,-0.2269604,-78.4693381,90
P0790,RT02,ASB,S174,-0.22817,-78.46926,90
P0791,RT02,ASB,S175,-0.2303297,-78.4699668,80
P0792,RT02,ASB,S175,-0.23107,-78.47046,80
P0793,RT02,ASB,S176,-0.2329392,-78.471348,90
P0794,RT02,ASB,S176,-0.23378,-78.47125,90
P0795,RT02,ASB,S176,-0.23504,-78.4713,90
P0796,RT02,ASB,S176,-0.23551,-78.47255,90
P0797,RT02,ASB,S177,-0.2361287,-78.4731319,70
P0798,RT02,ASB,S177,-0.23768,-78.47333,70
P0799,RT02,ASB,S177,-0.23864,-78.47353,70
P0800,RT02,ASB,S177,-0.2398,-78.47397,70
P0801,RT02,ASB,S177,-0.24115,-78.47434,70
P0802,RT02,ASB,S177,-0.24274,-78.47483,70
P0803,RT02,ASB,S177,-0.24356,-78.47542,70
P0804,RT02,ASB,S177,-0.24518,-78.47624,70
P0805,RT02,ASB,S178,-0.2461812,-78.4767024,90
P0806,RT02,ASB,S178,-0.24744,-78.47843,90
P0807,RT02,ASB,S178,-0.24764,-78.47925,90
P0808,RT02,ASB,S178,-0.24626,-78.48137,90
P0809,RT02,ASB,S179,-0.2440528,-78.4821834,70
P0810,RT02,ASB,S179,-0.2426,-78.48259,70
P0811,RT02,ASB,S180,-0.2419934,-78.4827589,90
P0812,RT02,ASB,S180,-0.2407,-78.48286,90
P0813,RT02,ASB,S180,-0.23884,-78.48256,90
P0814,RT02,ASB,S180,-0.23766,-78.48355,90
P0815,RT02,ASB,S180,-0.23748,-78.48454,90
P0816,RT02,ASB,S180,-0.23715,-78.48615,90
P0817,RT02,ASB,S180,-0.23543,-78.48806,90
P0818,RT02,ASB,S181,-0.2329492,-78.4888012,80
P0819,RT02,ASB,S181,-0.2324,-78.48933,80
P0820,RT02,ASB,S182,-0.23135,-78.4915832,90
P0821,RT02,ASB,S182,-0.23166,-78.49277,90
P0822,RT02,ASB,S183,-0.2337257,-78.4929618,60
P0823,RT02,ASB,S183,-0.23427,-78.49205,60
P0824,RT02,ASB,S184,-0.2344355,-78.491609,60
P0825,RT02,ASB,S184,-0.23583,-78.48999,60
P0826,RT02,ASB,S184,-0.23721,-78.4901,60
P0827,RT02,ASB,S184,-0.23819,-78.49103,60
P0828,RT02,ASB,S185,-0.239185,-78.4925007,70
P0829,RT02,ASB,S185,-0.23962,-78.49314,70
P0830,RT02,ASB,S186,-0.2406328,-78.4943351,70
P0831,RT02,ASB,S186,-0.24182,-78.49526,70
P0832,RT02,ASB,S187,-0.2422994,-78.4959217,90
P0833,RT02,ASB,S187,-0.24245,-78.4979,90
P0834,RT02,ASB,S187,-0.24285,-78.49992,90
P0835,RT02,ASB,S188,-0.244626,-78.5009492,90
P0836,RT02,ASB,S188,-0.24559,-78.50116,90
P0837,RT02,ASB,S189,-0.2468651,-78.501434,80
P0838,RT02,ASB,S189,-0.24834,-78.50188,80
P0839,RT02,ASB,S189,-0.24954,-78.50271,80
P0840,RT02,ASB,S190,-0.2500688,-78.5030928,90
P0841,RT02,ASB,S190,-0.25094,-78.50368,90
P0842,RT02,ASB,S190,-0.25364,-78.50417,90
P0843,RT02,ASB,S191,-0.2554592,-78.5035077,90
P0844,RT02,ASB,S191,-0.25677,-78.50286,90
P0845,RT02,ASB,S192,-0.2596128,-78.5031932,70
P0846,RT02,ASB,S192,-0.26156,-78.5045,70
P0847,RT02,ASB,S193,-0.2625245,-78.5051456,90
P0848,RT02,ASB,S193,-0.26535,-78.50739,90
P0849,RT02,ASB,S194,-0.2674116,-78.5075346,90
P0850,RT02,ASB,S194,-0.26799,-78.50752,90
P0851,RT02,ASB,S195,-0.2691022,-78.5076834,90
P0852,RT02,ASB,S195,-0.27021,-78.50796,90
P0853,RT02,ASB,S195,-0.2717,-78.50844,90
P0854,RT02,ASB,S196,-0.2729767,-78.5094721,90
P0855,RT02,ASB,S196,-0.27404,-78.51047,90
P0856,RT02,ASB,S197,-0.276294,-78.5124713,70
P0857,RT02,ASB,S197,-0.27853,-78.51451,70
P0858,RT02,ASB,S197,-0.28104,-78.51655,70
P0859,RT02,ASB,S197,-0.2828,-78.51739,70
P0860,RT02,ASB,S197,-0.28423,-78.51812,70
P0861,RT02,ASB,S198,-0.2849607,-78.518482,90
P0862,RT02,ASB,S198,-0.28585,-78.51891,90
P0863,RT02,ASB,S199,-0.2862444,-78.5190788,90
P0864,RT02,ASB,S199,-0.28832,-78.51983,90
P0865,RT02,ASB,S199,-0.28904,-78.51979,90
P0866,RT02,ASB,S200,-0.2904842,-78.5196733,90
P0867,RT02,ASB,S200,-0.2915,-78.51975,90
P0868,RT02,ASB,S200,-0.2929,-78.51985,90
P0869,RT02,ASB,S200,-0.29444,-78.52009,90
P0870,RT02,ASB,S200,-0.29759,-78.52077,90
P0871,RT02,ASB,S200,-0.30099,-78.52136,90
P0872,RT02,ASB,S201,-0.3025647,-78.5216133,80
P0873,RT02,ASB,S201,-0.3035,-78.52163,80
P0874,RT02,ASB,S201,-0.30506,-78.52169,80
P0875,RT02,ASB,S201,-0.30674,-78.52176,80
P0876,RT02,ASB,S201,-0.30751,-78.5218,80
P0877,RT02,ASB,S201,-0.30862,-78.52188,80
P0878,RT02,ASB,S201,-0.31043,-78.52215,80
P0879,RT02,ASB,S201,-0.31214,-78.52238,80
P0880,RT02,ASB,S201,-0.31294,-78.52237,80
P0881,RT02,ASB,S202,-0.3148223,-78.5221543,80
P0882,RT02,ASB,S202,-0.31619,-78.52196,80
P0883,RT02,ASB,S202,-0.31784,-78.52168,80
P0884,RT02,ASB,S202,-0.31943,-78.5214,80
P0885,RT02,ASB,S202,-0.32116,-78.52088,80
P0886,RT02,ASB,S203,-0.3233255,-78.5201907,90
P0887,RT02,ASB,S203,-0.3278,-78.5191,90
P0888,RT02,ASB,S204,-0.3297461,-78.5192009,90
P0889,RT02,ASB,S204,-0.33113,-78.51945,90
P0890,RT02,ASB,S204,-0.33293,-78.51979,90
P0891,RT02,ASB,S205,-0.3347547,-78.5201316,90
P0892,RT02,ASB,S205,-0.33556,-78.52027,90
P0893,RT02,ASB,S205,-0.33721,-78.52059,90
P0894,RT02,ASB,S206,-0.33942,-78.52111,70
P0895,RT02,ASB,S206,-0.34185,-78.5224,70
P0896,RT02,ASB,S207,-0.34284,-78.5229738,90
P0897,RT02,ASB,S207,-0.34419,-78.52362,90
P0898,RT02,ASB,S207,-0.34614,-78.52374,90
P0899,RT02,ASB,S207,-0.34739,-78.52354,90
P0900,RT02,ASB,S208,-0.3480581,-78.5234397,90
P0901,RT02,ASB,S208,-0.34861,-78.52335,90
P0902,RT02,ASB,S209,-0.348874,-78.5233195,90
P0903,RT02,ASB,S209,-0.3498,-78.52316,90
P0904,RT02,ASB,S209,-0.35196,-78.52305,90
P0905,RT02,ASB,S209,-0.35426,-78.52432,90
P0906,RT02,ASB,S209,-0.35486,-78.5252,90
P0907,RT02,ASB,S210,-0.3551982,-78.5258338,90
P0908,RT02,ASB,S210,-0.35571,-78.52688,90
P0909,RT02,ASB,S210,-0.35627,-78.52802,90
P0910,RT02,ASB,S210,-0.35679,-78.52931,90
P0911,RT02,ASB,S210,-0.35722,-78.532,90
P0912,RT02,ASB,S211,-0.3574174,-78.5334403,60
P0913,RT02,ASB,S211,-0.35913,-78.53468,60
P0914,RT02,ASB,S212,-0.3607322,-78.5337868,90
P0915,RT02,ASB,S212,-0.36231,-78.53209,90
P0916,RT02,ASB,S212,-0.36334,-78.53098,90
P0917,RT02,ASB,S213,-0.3650716,-78.5291244,70
P0918,RT02,ASB,S213,-0.36585,-78.52861,70
P0919,RT02,ASB,S214,-0.3678945,-78.5287481,70
P0920,RT02,ASB,S214,-0.36955,-78.52908,70
P0921,RT02,ASB,S214,-0.37098,-78.52938,70
P0922,RT02,ASB,S214,-0.37191,-78.52957,70
P0923,RT02,ASB,S214,-0.37263,-78.52972,70
P0924,RT02,ASB,S214,-0.37431,-78.53007,70
P0925,RT02,ASB,S214,-0.37536,-78.5303,70
P0926,RT02,ASB,S214,-0.37616,-78.53046,70
P0927,RT02,ASB,S214,-0.37747,-78.53074,70
P0928,RT02,ASB,S214,-0.37896,-78.53105,70
P0929,RT02,ASB,S214,-0.38003,-78.53127,70
P0930,RT02,ASB,S214,-0.38118,-78.53148,70
P0931,RT02,ASB,S215,-0.3822891,-78.5317176,60
P0932,RT02,ASB,S215,-0.38351,-78.53204,60
P0933,RT02,ASB,S215,-0.38467,-78.5324,60
P0934,RT02,ASB,S215,-0.38525,-78.53245,60
P0935,RT02,ASB,S215,-0.38417,-78.5321,60
P0936,RT02,ASB,S216,-0.3823199,-78.531621,70
P0937,RT02,ASB,S216,-0.38072,-78.53127,70
P0938,RT02,ASB,S216,-0.37939,-78.53096,70
P0939,RT02,ASB,S216,-0.37822,-78.53072,70
P0940,RT02,ASB,S217,-0.3768134,-78.5304371,80
P0941,RT02,ASB,S217,-0.37579,-78.53023,80
P0942,RT02,ASB,S217,-0.37485,-78.53004,80
P0943,RT02,ASB,S217,-0.37387,-78.52984,80
P0944,RT02,ASB,S217,-0.37336,-78.52973,80
P0945,RT02,ASB,S217,-0.37232,-78.5295,80
P0946,RT02,ASB,S217,-0.37037,-78.52909,80
P0947,RT02,ASB,S217,-0.36893,-78.52879,80
P0948,RT02,ASB,S218,-0.367924,-78.5285845,70
P0949,RT02,ASB,S218,-0.36722,-78.52844,70
P0950,RT02,ASB,S218,-0.36633,-78.52833,70
P0951,RT02,ASB,S218,-0.3654,-78.52863,70
P0952,RT02,ASB,S219,-0.3649737,-78.5290265,80
P0953,RT02,ASB,S219,-0.36409,-78.52996,80
P0954,RT02,ASB,S219,-0.36279,-78.53138,80
P0955,RT02,ASB,S219,-0.36132,-78.53296,80
P0956,RT02,ASB,S220,-0.3606444,-78.5337029,60
P0957,RT02,ASB,S220,-0.35992,-78.53431,60
P0958,RT02,ASB,S220,-0.35828,-78.5343,60
P0959,RT02,ASB,S221,-0.3575603,-78.5333847,70
P0960,RT02,ASB,S221,-0.35719,-78.53073,70
P0961,RT02,ASB,S222,-0.3566415,-78.528492,90
P0962,RT02,ASB,S222,-0.35615,-78.52749,90
P0963,RT02,ASB,S223,-0.3553075,-78.5257902,90
P0964,RT02,ASB,S223,-0.35469,-78.52467,90
P0965,RT02,ASB,S223,-0.35333,-78.52338,90
P0966,RT02,ASB,S223,-0.35066,-78.52291,90
P0967,RT02,ASB,S224,-0.3488492,-78.5231727,90
P0968,RT02,ASB,S224,-0.34829,-78.52326,90
P0969,RT02,ASB,S225,-0.348042,-78.5232968,70
P0970,RT02,ASB,S225,-0.34685,-78.52349,70
P0971,RT02,ASB,S225,-0.3455,-78.52364,70
P0972,RT02,ASB,S226,-0.3429111,-78.5228578,90
P0973,RT02,ASB,S226,-0.34097,-78.52171,90
P0974,RT02,ASB,S226,-0.33808,-78.52059,90
P0975,RT02,ASB,S226,-0.33648,-78.5203,90
P0976,RT02,ASB,S227,-0.3347815,-78.5199734,80
P0977,RT02,ASB,S227,-0.33364,-78.51977,80
P0978,RT02,ASB,S227,-0.33226,-78.51952,80
P0979,RT02,ASB,S228,-0.3297663,-78.5190742,90
P0980,RT02,ASB,S228,-0.32869,-78.51896,90
P0981,RT02,ASB,S228,-0.3262,-78.51916,90
P0982,RT02,ASB,S228,-0.32458,-78.51964,90
P0983,RT02,ASB,S229,-0.3232947,-78.5200734,90
P0984,RT02,ASB,S229,-0.3221,-78.52046,90
P0985,RT02,ASB,S229,-0.32005,-78.52111,90
P0986,RT02,ASB,S229,-0.31841,-78.52146,90
P0987,RT02,ASB,S230,-0.3171381,-78.52167,90
P0988,RT02,ASB,S230,-0.31381,-78.52217,90
P0989,RT02,ASB,S230,-0.3114,-78.52217,90
P0990,RT02,ASB,S230,-0.30956,-78.52189,90
P0991,RT02,ASB,S230,-0.30811,-78.52169,90
P0992,RT02,ASB,S230,-0.30601,-78.5216,90
P0993,RT02,ASB,S230,-0.30449,-78.52157,90
P0994,RT02,ASB,S231,-0.3025727,-78.5214618,90
P0995,RT02,ASB,S231,-0.30025,-78.52105,90
P0996,RT02,ASB,S231,-0.29949,-78.52087,90
P0997,RT02,ASB,S231,-0.29848,-78.5207,90
P0998,RT02,ASB,S231,-0.29682,-78.52052,90
P0999,RT02,ASB,S231,-0.29606,-78.52032,90
P1000,RT02,ASB,S232,-0.293442,-78.5197884,70
P1001,RT02,ASB,S232,-0.29234,-78.51966,70
P1002,RT02,ASB,S233,-0.2904782,-78.5195405,90
P1003,RT02,ASB,S233,-0.28972,-78.51956,90
P1004,RT02,ASB,S233,-0.28754,-78.51955,90
P1005,RT02,ASB,S234,-0.2863007,-78.5189427,90
P1006,RT02,ASB,S234,-0.28544,-78.51855,90
P1007,RT02,ASB,S235,-0.2850164,-78.5183626,50
P1008,RT02,ASB,S235,-0.28366,-78.51766,50
P1009,RT02,ASB,S235,-0.28221,-78.51694,50
P1010,RT02,ASB,S235,-0.27979,-78.51548,50
P1011,RT02,ASB,S235,-0.27722,-78.51315,50
P1012,RT02,ASB,S235,-0.27542,-78.51148,50
P1013,RT02,ASB,S236,-0.2730612,-78.5093816,70
P1014,RT02,ASB,S236,-0.27099,-78.50802,70
P1015,RT02,ASB,S237,-0.269127,-78.5075346,90
P1016,RT02,ASB,S237,-0.26859,-78.50741,90
P1017,RT02,ASB,S238,-0.2674063,-78.507379,90
P1018,RT02,ASB,S238,-0.26407,-78.50623,90
P1019,RT02,ASB,S239,-0.2625983,-78.505041,80
P1020,RT02,ASB,S239,-0.26063,-78.5037,80
P1021,RT02,ASB,S239,-0.25822,-78.50242,80
P1022,RT02,ASB,S240,-0.2554082,-78.5033971,70
P1023,RT02,ASB,S240,-0.25212,-78.50399,70
P1024,RT02,ASB,S241,-0.2501546,-78.5029627,90
P1025,RT02,ASB,S241,-0.24903,-78.50217,90
P1026,RT02,ASB,S242,-0.2479766,-78.5015472,80
P1027,RT02,ASB,S242,-0.24626,-78.50114,80
P1028,RT02,ASB,S243,-0.2446508,-78.5007889,90
P1029,RT02,ASB,S243,-0.24368,-78.50044,90
P1030,RT02,ASB,S243,-0.24256,-78.49859,90
P1031,RT02,ASB,S243,-0.24266,-78.4972,90
P1032,RT02,ASB,S244,-0.2424261,-78.4958573,90
P1033,RT02,ASB,S244,-0.24161,-78.49489,90
P1034,RT02,ASB,S245,-0.2407359,-78.4942162,90
P1035,RT02,ASB,S245,-0.23996,-78.4934,90
P1036,RT02,ASB,S246,-0.2392976,-78.4924224,70
P1037,RT02,ASB,S246,-0.23862,-78.49138,70
P1038,RT02,ASB,S246,-0.23808,-78.4906,70
P1039,RT02,ASB,S246,-0.23657,-78.48977,70
P1040,RT02,ASB,S246,-0.23486,-78.49047,70
P1041,RT02,ASB,S247,-0.2342843,-78.4915524,90
P1042,RT02,ASB,S247,-0.23394,-78.49249,90
P1043,RT02,ASB,S248,-0.2336452,-78.492833,60
P1044,RT02,ASB,S248,-0.23264,-78.49314,60
P1045,RT02,ASB,S249,-0.231513,-78.4915845,90
P1046,RT02,ASB,S249,-0.2319,-78.49016,90
P1047,RT02,ASB,S250,-0.2330096,-78.4889186,80
P1048,RT02,ASB,S250,-0.23427,-78.48837,80
P1049,RT02,ASB,S250,-0.2362,-78.48804,80
P1050,RT02,ASB,S250,-0.2368,-78.48766,80
P1051,RT02,ASB,S250,-0.23728,-78.48655,80
P1052,RT02,ASB,S250,-0.23822,-78.48564,80
P1053,RT02,ASB,S250,-0.23953,-78.48544,80
P1054,RT02,ASB,S250,-0.24086,-78.4857,80
